RowNum,Hijri Date,Hijri Month,Hijri Year,Day,Date,Fajr Begins,Fajr Jamah,Sunrise,Dhuhr Begins,Dhuhr Jamah,Mithl 1,Mithl 2,Asr Jamah,Maghrib Begins,Maghrib Jamah,Isha Begins,Isha Jamah,Jumuah2nd,
1,1,Rajab,1445,Wed,1 Jan,6:26,6:45,8:03,12:09,1:00,1:47,2:17,2:00,4:06,4:06,5:43,8:00,
2,2,Rajab,1445,Thu,2 Jan,6:26,6:45,8:03,12:10,1:00,1:48,2:18,2:00,4:07,4:07,5:44,8:00,
3,3,Rajab,1445,Fri,3 Jan,6:26,6:45,8:03,12:10,12:30,1:49,2:19,2:00,4:08,4:08,5:45,8:00,13:15,
4,4,Rajab,1445,Sat,4 Jan,6:26,6:45,8:03,12:11,1:15,1:50,2:20,2:00,4:09,4:09,5:46,8:00,
5,5,Rajab,1445,Sun,5 Jan,6:25,6:45,8:02,12:11,1:15,1:51,2:21,2:00,4:10,4:10,5:47,8:00,
6,6,Rajab,1445,Mon,6 Jan,6:25,6:45,8:02,12:12,1:15,1:52,2:23,2:00,4:12,4:12,5:49,8:00,
7,7,Rajab,1445,Tue,7 Jan,6:25,6:45,8:02,12:12,1:15,1:53,2:24,2:00,4:13,4:13,5:50,8:00,
8,8,Rajab,1445,Wed,8 Jan,6:24,6:45,8:01,12:12,1:15,1:54,2:25,2:00,4:14,4:14,5:51,8:00,
9,9,Rajab,1445,Thu,9 Jan,6:24,6:45,8:01,12:13,1:15,1:55,2:26,2:00,4:16,4:16,5:53,8:00,
10,10,Rajab,1445,Fri,10 Jan,6:23,6:45,8:00,12:13,12:30,1:56,2:28,2:10,4:17,4:17,5:54,8:00,13:15,
11,11,Rajab,1445,Sat,11 Jan,6:22,6:45,7:59,12:14,1:15,1:57,2:29,2:10,4:18,4:18,5:55,8:00,
12,12,Rajab,1445,Sun,12 Jan,6:22,6:45,7:59,12:14,1:15,1:59,2:30,2:10,4:20,4:20,5:57,8:00,
13,13,Rajab,1445,Mon,13 Jan,6:21,6:45,7:58,12:14,1:15,2:00,2:32,2:10,4:21,4:21,5:58,8:00,
14,14,Rajab,1445,Tue,14 Jan,6:20,6:45,7:57,12:15,1:15,2:01,2:33,2:10,4:23,4:23,6:00,8:00,
15,15,Rajab,1445,Wed,15 Jan,6:19,6:45,7:56,12:15,1:15,2:02,2:35,2:10,4:24,4:24,6:01,8:00,
16,16,Rajab,1445,Thu,16 Jan,6:18,6:45,7:55,12:15,1:15,2:04,2:36,2:10,4:26,4:26,6:03,8:00,
17,17,Rajab,1445,Fri,17 Jan,6:18,6:45,7:55,12:16,12:30,2:05,2:38,2:20,4:28,4:28,6:05,8:00,13:15,
18,18,Rajab,1445,Sat,18 Jan,6:17,6:45,7:54,12:16,1:15,2:06,2:39,2:20,4:29,4:29,6:06,8:00,
19,19,Rajab,1445,Sun,19 Jan,6:16,6:45,7:53,12:16,1:15,2:08,2:41,2:20,4:31,4:31,6:08,8:00,
20,20,Rajab,1445,Mon,20 Jan,6:15,6:45,7:52,12:17,1:15,2:09,2:43,2:20,4:32,4:32,6:09,8:00,
21,21,Rajab,1445,Tue,21 Jan,6:13,6:45,7:50,12:17,1:15,2:10,2:44,2:20,4:34,4:34,6:11,8:00,
22,22,Rajab,1445,Wed,22 Jan,6:12,6:45,7:49,12:17,1:15,2:12,2:46,2:20,4:36,4:36,6:13,8:00,
23,23,Rajab,1445,Thu,23 Jan,6:11,6:45,7:48,12:18,1:15,2:13,2:47,2:20,4:38,4:38,6:15,8:00,
24,24,Rajab,1445,Fri,24 Jan,6:10,6:30,7:47,12:18,12:30,2:15,2:49,2:30,4:39,4:39,6:16,8:00,13:15,
25,25,Rajab,1445,Sat,25 Jan,6:09,6:30,7:46,12:18,1:15,2:16,2:51,2:30,4:41,4:41,6:18,8:00,
26,26,Rajab,1445,Sun,26 Jan,6:07,6:30,7:44,12:18,1:15,2:17,2:52,2:30,4:43,4:43,6:20,8:00,
27,27,Rajab,1445,Mon,27 Jan,6:06,6:30,7:43,12:18,1:15,2:19,2:54,2:30,4:45,4:45,6:22,8:00,
28,28,Rajab,1445,Tue,28 Jan,6:05,6:30,7:42,12:19,1:15,2:20,2:56,2:30,4:46,4:46,6:23,8:00,
29,29,Rajab,1445,Wed,29 Jan,6:03,6:30,7:40,12:19,1:15,2:22,2:57,2:30,4:48,4:48,6:25,8:00,
30,1,Sha‘bān,1445,Thu,30 Jan,6:02,6:30,7:39,12:19,1:15,2:23,2:59,2:30,4:50,4:50,6:27,8:00,
31,2,Sha‘bān,1445,Fri,31 Jan,6:00,6:30,7:37,12:19,12:30,2:25,3:01,2:40,4:52,4:52,6:29,8:00,13:15,
32,3,Sha‘bān,1445,Sat,1 Feb,5:59,6:30,7:36,12:19,1:15,2:26,3:03,2:40,4:54,4:54,6:30,8:00,
33,4,Sha‘bān,1445,Sun,2 Feb,5:57,6:30,7:34,12:19,1:15,2:28,3:04,2:40,4:55,4:55,6:30,8:00,
34,5,Sha‘bān,1445,Mon,3 Feb,5:55,6:30,7:32,12:19,1:15,2:29,3:06,2:40,4:57,4:57,6:31,8:00,
35,6,Sha‘bān,1445,Tue,4 Feb,5:54,6:30,7:31,12:20,1:15,2:31,3:08,2:40,4:59,4:59,6:33,8:00,
36,7,Sha‘bān,1445,Wed,5 Feb,5:52,6:30,7:29,12:20,1:15,2:32,3:09,2:40,5:01,5:01,6:34,8:00,
37,8,Sha‘bān,1445,Thu,6 Feb,5:50,6:30,7:27,12:20,1:15,2:33,3:11,2:40,5:03,5:03,6:36,8:00,
38,9,Sha‘bān,1445,Fri,7 Feb,5:49,6:15,7:26,12:20,12:30,2:35,3:13,4:00,5:04,5:04,6:36,8:00,13:15,
39,10,Sha‘bān,1445,Sat,8 Feb,5:47,6:15,7:24,12:20,1:15,2:36,3:15,4:00,5:06,5:06,6:38,8:00,
40,11,Sha‘bān,1445,Sun,9 Feb,5:45,6:15,7:22,12:20,1:15,2:38,3:16,4:00,5:08,5:08,6:39,8:00,
41,12,Sha‘bān,1445,Mon,10 Feb,5:43,6:15,7:20,12:20,1:15,2:39,3:18,4:00,5:10,5:10,6:41,8:00,
42,13,Sha‘bān,1445,Tue,11 Feb,5:42,6:15,7:19,12:20,1:15,2:41,3:20,4:00,5:12,5:12,6:43,8:00,
43,14,Sha‘bān,1445,Wed,12 Feb,5:40,6:15,7:17,12:20,1:15,2:42,3:21,4:00,5:14,5:14,6:45,8:00,
44,15,Sha‘bān,1445,Thu,13 Feb,5:38,6:15,7:15,12:20,1:15,2:43,3:23,4:00,5:15,5:15,6:45,8:00,
45,16,Sha‘bān,1445,Fri,14 Feb,5:36,6:00,7:13,12:20,12:30,2:45,3:25,4:00,5:17,5:17,6:47,8:00,13:15,
46,17,Sha‘bān,1445,Sat,15 Feb,5:34,6:00,7:11,12:20,1:15,2:46,3:26,4:00,5:19,5:19,6:49,8:00,
47,18,Sha‘bān,1445,Sun,16 Feb,5:32,6:00,7:09,12:20,1:15,2:48,3:28,4:00,5:21,5:21,6:51,8:00,
48,19,Sha‘bān,1445,Mon,17 Feb,5:30,6:00,7:07,12:20,1:15,2:49,3:30,4:00,5:23,5:23,6:52,8:00,
49,20,Sha‘bān,1445,Tue,18 Feb,5:28,6:00,7:05,12:20,1:15,2:50,3:31,4:00,5:25,5:25,6:54,8:00,
50,21,Sha‘bān,1445,Wed,19 Feb,5:26,6:00,7:03,12:19,1:15,2:52,3:33,4:00,5:26,5:26,6:55,8:00,
51,22,Sha‘bān,1445,Thu,20 Feb,5:24,6:00,7:01,12:19,1:15,2:53,3:35,4:00,5:28,5:28,6:57,8:00,
52,23,Sha‘bān,1445,Fri,21 Feb,5:22,5:45,6:59,12:19,12:30,2:54,3:36,4:00,5:30,5:30,6:58,8:00,13:15,
53,24,Sha‘bān,1445,Sat,22 Feb,5:20,5:45,6:57,12:19,1:15,2:56,3:38,4:00,5:32,5:32,7:00,8:00,
54,25,Sha‘bān,1445,Sun,23 Feb,5:18,5:45,6:55,12:19,1:15,2:57,3:40,4:00,5:34,5:34,7:02,8:00,
55,26,Sha‘bān,1445,Mon,24 Feb,5:16,5:45,6:53,12:19,1:15,2:58,3:41,4:00,5:35,5:35,7:03,8:00,
56,27,Sha‘bān,1445,Tue,25 Feb,5:14,5:45,6:51,12:19,1:15,3:00,3:43,4:00,5:37,5:37,7:04,8:00,
57,28,Sha‘bān,1445,Wed,26 Feb,5:12,5:45,6:49,12:18,1:15,3:01,3:44,4:00,5:39,5:39,7:06,8:00,
58,29,Sha‘bān,1445,Thu,27 Feb,5:10,5:45,6:47,12:18,1:15,3:02,3:46,4:00,5:41,5:41,7:08,8:00,
59,1,Ramadān,1445,Fri,28 Feb,5:08,5:23,6:45,12:18,1:15,3:04,3:47,4:30,5:43,5:48,7:10,8:00,2:15,
60,2,Ramadān,1445,Sat,1 Mar,5:05,5:20,6:42,12:18,1:15,3:05,3:49,4:30,5:44,5:49,7:10,8:00,
61,3,Ramadān,1445,Sun,2 Mar,5:03,5:18,6:40,12:18,1:15,3:06,3:51,4:30,5:46,5:51,7:12,8:00,
62,4,Ramadān,1445,Mon,3 Mar,5:01,5:16,6:38,12:18,1:15,3:07,3:52,4:30,5:48,5:53,7:13,8:00,
63,5,Ramadān,1445,Tue,4 Mar,4:59,5:14,6:36,12:17,1:15,3:09,3:54,4:30,5:50,5:55,7:15,8:00,
64,6,Ramadān,1445,Wed,5 Mar,4:57,5:12,6:34,12:17,1:15,3:10,3:55,4:30,5:51,5:56,7:15,8:00,
65,7,Ramadān,1445,Thu,6 Mar,4:55,5:10,6:32,12:17,1:15,3:11,3:57,4:30,5:53,5:58,7:17,8:00,
66,8,Ramadān,1445,Fri,7 Mar,4:52,5:07,6:29,12:17,1:15,3:12,3:58,4:30,5:55,6:00,7:18,8:00,2:15,
67,9,Ramadān,1445,Sat,8 Mar,4:50,5:05,6:27,12:16,1:15,3:13,4:00,4:30,5:57,6:02,7:20,8:00,
68,10,Ramadān,1445,Sun,9 Mar,4:48,5:03,6:25,12:16,1:15,3:14,4:01,4:30,5:58,6:03,7:20,8:00,
69,11,Ramadān,1445,Mon,10 Mar,4:46,5:01,6:23,12:16,1:15,3:16,4:02,4:30,6:00,6:05,7:22,8:00,
70,12,Ramadān,1445,Tue,11 Mar,4:43,4:58,6:20,12:16,1:15,3:17,4:04,4:30,6:02,6:07,7:24,8:00,
71,13,Ramadān,1445,Wed,12 Mar,4:41,4:56,6:18,12:15,1:15,3:18,4:05,4:30,6:03,6:08,7:25,8:00,
72,14,Ramadān,1445,Thu,13 Mar,4:39,4:54,6:16,12:15,1:15,3:19,4:07,4:30,6:05,6:10,7:26,8:00,
73,15,Ramadān,1445,Fri,14 Mar,4:37,4:52,6:14,12:15,1:15,3:20,4:08,4:30,6:07,6:12,7:28,8:00,2:15,
74,16,Ramadān,1445,Sat,15 Mar,4:34,4:49,6:11,12:14,1:15,3:21,4:10,4:30,6:09,6:14,7:30,8:00,
75,17,Ramadān,1445,Sun,16 Mar,4:32,4:47,6:09,12:14,1:15,3:22,4:11,4:30,6:10,6:15,7:31,8:00,
76,18,Ramadān,1445,Mon,17 Mar,4:30,4:45,6:07,12:14,1:15,3:23,4:12,4:30,6:12,6:17,7:32,8:00,
77,19,Ramadān,1445,Tue,18 Mar,4:28,4:43,6:05,12:14,1:15,3:24,4:14,4:30,6:14,6:19,7:34,8:00,
78,20,Ramadān,1445,Wed,19 Mar,4:25,4:40,6:02,12:13,1:15,3:25,4:15,4:30,6:15,6:20,7:35,8:00,
79,21,Ramadān,1445,Thu,20 Mar,4:24,4:39,6:00,12:13,1:15,3:26,4:16,4:30,6:17,6:22,7:37,8:00,
80,22,Ramadān,1445,Fri,21 Mar,4:22,4:37,5:58,12:13,1:15,3:27,4:18,4:30,6:19,6:24,7:38,8:00,2:15,
81,23,Ramadān,1445,Sat,22 Mar,4:20,4:35,5:55,12:12,1:15,3:28,4:19,4:30,6:20,6:25,7:39,8:00,
82,24,Ramadān,1445,Sun,23 Mar,4:18,4:33,5:53,12:12,1:15,3:29,4:20,4:30,6:22,6:27,7:41,8:00,
83,25,Ramadān,1445,Mon,24 Mar,4:16,4:31,5:51,12:12,1:15,3:30,4:22,4:30,6:24,6:29,7:43,8:00,
84,26,Ramadān,1445,Tue,25 Mar,4:14,4:29,5:49,12:12,1:15,3:31,4:23,4:30,6:26,6:31,7:44,8:00,
85,27,Ramadān,1445,Wed,26 Mar,4:12,4:27,5:46,12:11,1:15,3:32,4:24,4:30,6:27,6:32,7:45,8:00,
86,28,Ramadān,1445,Thu,27 Mar,4:10,4:25,5:44,12:11,1:15,3:33,4:26,4:30,6:29,6:34,7:47,8:00,
87,29,Ramadān,1445,Fri,28 Mar,4:09,4:24,5:42,12:11,1:15,3:34,4:27,4:30,6:31,6:36,7:49,8:00,2:15,
88,30,Ramadān,1445,Sat,29 Mar,4:06,4:21,5:39,12:10,1:15,3:35,4:28,4:30,6:32,6:37,7:49,8:00,
89,1,Shawwāl,1445,Sun,30 Mar,5:04,5:30,6:37,1:10,1:15,4:36,5:29,6:00,7:34,7:34,8:51,9:10,Clocks Change 
90,2,Shawwāl,1445,Mon,31 Mar,5:03,5:30,6:35,1:10,1:15,4:37,5:31,6:00,7:36,7:36,8:53,9:10,
91,3,Shawwāl,1445,Tue,1 Apr,5:01,5:30,6:33,1:09,1:15,4:38,5:32,6:00,7:37,7:37,8:54,9:10,
92,4,Shawwāl,1445,Wed,2 Apr,4:58,5:30,6:30,1:09,1:15,4:39,5:33,6:00,7:39,7:39,8:56,9:10,
93,5,Shawwāl,1445,Thu,3 Apr,4:56,5:30,6:28,1:09,1:15,4:40,5:34,6:00,7:41,7:41,8:57,9:10,
94,6,Shawwāl,1445,Fri,4 Apr,4:54,5:15,6:26,1:09,1:15,4:40,5:35,6:00,7:42,7:42,8:58,9:15,2:15,
95,7,Shawwāl,1445,Sat,5 Apr,4:52,5:15,6:24,1:08,1:15,4:41,5:37,6:00,7:44,7:44,9:00,9:15,
96,8,Shawwāl,1445,Sun,6 Apr,4:49,5:15,6:21,1:08,1:15,4:42,5:38,6:00,7:46,7:46,9:02,9:15,
97,9,Shawwāl,1445,Mon,7 Apr,4:47,5:15,6:19,1:08,1:15,4:43,5:39,6:00,7:47,7:47,9:03,9:15,
98,10,Shawwāl,1445,Tue,8 Apr,4:45,5:15,6:17,1:07,1:15,4:44,5:40,6:00,7:49,7:49,9:05,9:15,
99,11,Shawwāl,1445,Wed,9 Apr,4:43,5:15,6:15,1:07,1:15,4:45,5:41,6:00,7:51,7:51,9:06,9:15,
100,12,Shawwāl,1445,Thu,10 Apr,4:41,5:15,6:13,1:07,1:15,4:45,5:43,6:00,7:52,7:52,9:07,9:15,
101,13,Shawwāl,1445,Fri,11 Apr,4:38,5:00,6:10,1:07,1:15,4:46,5:44,6:00,7:54,7:54,9:09,9:30,2:15,
102,14,Shawwāl,1445,Sat,12 Apr,4:36,5:00,6:08,1:06,1:15,4:47,5:45,6:00,7:56,7:56,9:11,9:30,
103,15,Shawwāl,1445,Sun,13 Apr,4:34,5:00,6:06,1:06,1:15,4:48,5:46,6:00,7:57,7:57,9:12,9:30,
104,16,Shawwāl,1445,Mon,14 Apr,4:32,5:00,6:04,1:06,1:15,4:49,5:47,6:00,7:59,7:59,9:14,9:30,
105,17,Shawwāl,1445,Tue,15 Apr,4:30,5:00,6:02,1:06,1:15,4:49,5:48,6:00,8:01,8:01,9:16,9:30,
106,18,Shawwāl,1445,Wed,16 Apr,4:28,5:00,6:00,1:05,1:15,4:50,5:49,6:00,8:02,8:02,9:17,9:30,
107,19,Shawwāl,1445,Thu,17 Apr,4:25,5:00,5:57,1:05,1:15,4:51,5:50,6:00,8:04,8:04,9:18,9:30,
108,20,Shawwāl,1445,Fri,18 Apr,4:22,4:45,5:55,1:05,1:15,4:52,5:52,6:15,8:06,8:06,9:20,9:45,2:15,
109,21,Shawwāl,1445,Sat,19 Apr,4:20,4:45,5:53,1:05,1:30,4:52,5:53,6:15,8:07,8:07,9:21,9:45,
110,22,Shawwāl,1445,Sun,20 Apr,4:18,4:45,5:51,1:04,1:30,4:53,5:54,6:15,8:09,8:09,9:23,9:45,
111,23,Shawwāl,1445,Mon,21 Apr,4:15,4:45,5:49,1:04,1:30,4:54,5:55,6:15,8:11,8:11,9:25,9:45,
112,24,Shawwāl,1445,Tue,22 Apr,4:13,4:45,5:47,1:04,1:30,4:55,5:56,6:15,8:12,8:12,9:26,9:45,
113,25,Shawwāl,1445,Wed,23 Apr,4:11,4:45,5:45,1:04,1:30,4:55,5:57,6:15,8:14,8:14,9:27,9:45,
114,26,Shawwāl,1445,Thu,24 Apr,4:08,4:45,5:43,1:04,1:30,4:56,5:58,6:15,8:16,8:16,9:29,9:45,
115,27,Shawwāl,1445,Fri,25 Apr,4:06,4:30,5:41,1:04,1:15,4:57,5:59,6:15,8:17,8:17,9:30,9:45,2:15,
116,28,Shawwāl,1445,Sat,26 Apr,4:04,4:30,5:39,1:03,1:30,4:57,6:00,6:15,8:19,8:19,9:31,9:45,
117,29,Shawwāl,1445,Sun,27 Apr,4:01,4:30,5:37,1:03,1:30,4:58,6:01,6:15,8:21,8:21,9:33,9:45,
118,1,Dhū Al-Qa‘dah,1445,Mon,28 Apr,3:59,4:30,5:35,1:03,1:30,4:59,6:02,6:15,8:22,8:22,9:34,9:45,
119,2,Dhū Al-Qa‘dah,1445,Tue,29 Apr,3:57,4:30,5:33,1:03,1:30,5:00,6:03,6:15,8:24,8:24,9:35,9:45,
120,3,Dhū Al-Qa‘dah,1445,Wed,30 Apr,3:54,4:30,5:31,1:03,1:30,5:00,6:04,6:15,8:26,8:26,9:37,9:45,
121,4,Dhū Al-Qa‘dah,1445,Thu,1 May,3:51,4:30,5:29,1:03,1:30,5:01,6:05,6:15,8:27,8:27,9:38,9:45,
122,5,Dhū Al-Qa‘dah,1445,Fri,2 May,3:49,4:15,5:27,1:03,1:15,5:02,6:06,6:30,8:29,8:29,9:40,10:00,2:15,
123,6,Dhū Al-Qa‘dah,1445,Sat,3 May,3:47,4:15,5:26,1:03,1:30,5:02,6:07,6:30,8:31,8:31,9:42,10:00,
124,7,Dhū Al-Qa‘dah,1445,Sun,4 May,3:45,4:15,5:24,1:02,1:30,5:03,6:08,6:30,8:32,8:32,9:43,10:00,
125,8,Dhū Al-Qa‘dah,1445,Mon,5 May,3:42,4:15,5:22,1:02,1:30,5:04,6:09,6:30,8:34,8:34,9:45,10:00,
126,9,Dhū Al-Qa‘dah,1445,Tue,6 May,3:40,4:15,5:20,1:02,1:30,5:04,6:10,6:30,8:35,8:35,9:46,10:00,
127,10,Dhū Al-Qa‘dah,1445,Wed,7 May,3:37,4:15,5:18,1:02,1:30,5:05,6:11,6:30,8:37,8:37,9:48,10:00,
128,11,Dhū Al-Qa‘dah,1445,Thu,8 May,3:36,4:15,5:17,1:02,1:30,5:05,6:12,6:30,8:39,8:39,9:50,10:00,
129,12,Dhū Al-Qa‘dah,1445,Fri,9 May,3:33,4:15,5:15,1:02,1:15,5:06,6:13,6:30,8:40,8:40,9:51,10:10,2:15,
130,13,Dhū Al-Qa‘dah,1445,Sat,10 May,3:31,4:15,5:13,1:02,1:30,5:07,6:14,6:30,8:42,8:42,9:53,10:10,
131,14,Dhū Al-Qa‘dah,1445,Sun,11 May,3:29,4:15,5:12,1:02,1:30,5:07,6:15,6:30,8:43,8:43,9:54,10:10,
132,15,Dhū Al-Qa‘dah,1445,Mon,12 May,3:27,4:15,5:10,1:02,1:30,5:08,6:16,6:30,8:45,8:45,9:56,10:10,
133,16,Dhū Al-Qa‘dah,1445,Tue,13 May,3:25,4:15,5:09,1:02,1:30,5:08,6:17,6:30,8:46,8:46,9:56,10:10,
134,17,Dhū Al-Qa‘dah,1445,Wed,14 May,3:23,4:15,5:07,1:02,1:30,5:09,6:18,6:30,8:48,8:48,9:58,10:10,
135,18,Dhū Al-Qa‘dah,1445,Thu,15 May,3:21,4:15,5:06,1:02,1:30,5:10,6:18,6:30,8:49,8:49,9:59,10:10,
136,19,Dhū Al-Qa‘dah,1445,Fri,16 May,3:19,4:00,5:04,1:02,1:15,5:10,6:19,6:45,8:51,8:51,10:02,10:20,2:15,
137,20,Dhū Al-Qa‘dah,1445,Sat,17 May,3:17,4:00,5:03,1:02,1:30,5:11,6:20,6:45,8:52,8:52,10:03,10:20,
138,21,Dhū Al-Qa‘dah,1445,Sun,18 May,3:15,4:00,5:01,1:02,1:30,5:11,6:21,6:45,8:54,8:54,10:05,10:20,
139,22,Dhū Al-Qa‘dah,1445,Mon,19 May,3:13,4:00,5:00,1:02,1:30,5:12,6:22,6:45,8:55,8:55,10:07,10:20,
140,23,Dhū Al-Qa‘dah,1445,Tue,20 May,3:12,4:00,4:59,1:02,1:30,5:13,6:23,6:45,8:57,8:57,10:09,10:20,
141,24,Dhū Al-Qa‘dah,1445,Wed,21 May,3:09,4:00,4:57,1:02,1:30,5:13,6:24,6:45,8:58,8:58,10:10,10:20,
142,25,Dhū Al-Qa‘dah,1445,Thu,22 May,3:08,4:00,4:56,1:02,1:30,5:14,6:24,6:45,8:59,8:59,10:12,10:20,
143,26,Dhū Al-Qa‘dah,1445,Fri,23 May,3:06,4:00,4:55,1:02,1:15,5:14,6:25,6:45,9:01,9:01,10:14,10:30,2:15,
144,27,Dhū Al-Qa‘dah,1445,Sat,24 May,3:04,4:00,4:54,1:03,1:30,5:15,6:26,6:45,9:02,9:02,10:15,10:30,
145,28,Dhū Al-Qa‘dah,1445,Sun,25 May,3:02,4:00,4:53,1:03,1:30,5:15,6:27,6:45,9:03,9:03,10:17,10:30,
146,29,Dhū Al-Qa‘dah,1445,Mon,26 May,3:01,4:00,4:52,1:03,1:30,5:16,6:27,6:45,9:05,9:05,10:19,10:30,
147,1,Dhū Al-Hijjah,1445,Tue,27 May,2:59,4:00,4:51,1:03,1:30,5:16,6:28,6:45,9:06,9:06,10:20,10:30,
148,2,Dhū Al-Hijjah,1445,Wed,28 May,2:58,4:00,4:50,1:03,1:30,5:17,6:29,6:45,9:07,9:07,10:22,10:30,
149,3,Dhū Al-Hijjah,1445,Thu,29 May,2:56,4:00,4:49,1:03,1:30,5:17,6:30,6:45,9:08,9:08,10:23,10:30,
150,4,Dhū Al-Hijjah,1445,Fri,30 May,2:55,4:00,4:48,1:03,1:15,5:18,6:30,7:00,9:09,9:09,10:24,10:40,2:15,
151,5,Dhū Al-Hijjah,1445,Sat,31 May,2:53,4:00,4:47,1:03,1:30,5:18,6:31,7:00,9:11,9:11,10:27,10:40,
152,6,Dhū Al-Hijjah,1445,Sun,1 Jun,2:52,4:00,4:46,1:04,1:30,5:19,6:32,7:00,9:12,9:12,10:28,10:40,
153,7,Dhū Al-Hijjah,1445,Mon,2 Jun,2:50,4:00,4:45,1:04,1:30,5:19,6:32,7:00,9:13,9:13,10:30,10:40,
154,8,Dhū Al-Hijjah,1445,Tue,3 Jun,2:50,4:00,4:45,1:04,1:30,5:20,6:33,7:00,9:14,9:14,10:31,10:40,
155,9,Dhū Al-Hijjah,1445,Wed,4 Jun,2:48,4:00,4:44,1:04,1:30,5:20,6:33,7:00,9:15,9:15,10:32,10:40,
156,10,Dhū Al-Hijjah,1445,Thu,5 Jun,2:47,4:00,4:43,1:04,1:30,5:20,6:34,7:00,9:16,9:16,10:34,10:40,
157,11,Dhū Al-Hijjah,1445,Fri,6 Jun,2:46,4:00,4:43,1:04,1:15,5:21,6:35,7:00,9:17,9:17,10:35,10:50,2:15,
158,12,Dhū Al-Hijjah,1445,Sat,7 Jun,2:45,4:00,4:42,1:05,1:30,5:21,6:35,7:00,9:17,9:17,10:35,10:50,
159,13,Dhū Al-Hijjah,1445,Sun,8 Jun,2:44,4:00,4:42,1:05,1:30,5:22,6:36,7:00,9:18,9:18,10:36,10:50,
160,14,Dhū Al-Hijjah,1445,Mon,9 Jun,2:43,4:00,4:41,1:05,1:30,5:22,6:36,7:00,9:19,9:19,10:38,10:50,
161,15,Dhū Al-Hijjah,1445,Tue,10 Jun,2:42,4:00,4:41,1:05,1:30,5:22,6:37,7:00,9:20,9:20,10:39,10:50,
162,16,Dhū Al-Hijjah,1445,Wed,11 Jun,2:42,4:00,4:41,1:05,1:30,5:23,6:37,7:00,9:20,9:20,10:40,10:50,
163,17,Dhū Al-Hijjah,1445,Thu,12 Jun,2:40,4:00,4:40,1:06,1:30,5:23,6:38,7:00,9:21,9:21,10:41,10:50,
164,18,Dhū Al-Hijjah,1445,Fri,13 Jun,2:39,4:00,4:40,1:06,1:15,5:23,6:38,7:00,9:22,9:22,10:43,10:50,2:15,
165,19,Dhū Al-Hijjah,1445,Sat,14 Jun,2:39,4:00,4:40,1:06,1:30,5:24,6:38,7:00,9:22,9:22,10:43,10:50,
166,20,Dhū Al-Hijjah,1445,Sun,15 Jun,2:39,4:00,4:40,1:06,1:30,5:24,6:39,7:00,9:23,9:23,10:44,10:50,
167,21,Dhū Al-Hijjah,1445,Mon,16 Jun,2:39,4:00,4:40,1:06,1:30,5:24,6:39,7:00,9:23,9:23,10:44,10:50,
168,22,Dhū Al-Hijjah,1445,Tue,17 Jun,2:39,4:00,4:40,1:07,1:30,5:25,6:39,7:00,9:24,9:24,10:44,10:50,
169,23,Dhū Al-Hijjah,1445,Wed,18 Jun,2:39,4:00,4:40,1:07,1:30,5:25,6:40,7:00,9:24,9:24,10:43,10:50,
170,24,Dhū Al-Hijjah,1445,Thu,19 Jun,2:39,4:00,4:40,1:07,1:30,5:25,6:40,7:00,9:24,9:24,10:43,10:50,
171,25,Dhū Al-Hijjah,1445,Fri,20 Jun,2:40,4:00,4:40,1:07,1:15,5:25,6:40,7:00,9:25,9:25,10:44,10:50,2:15,
172,26,Dhū Al-Hijjah,1445,Sat,21 Jun,2:40,4:00,4:40,1:08,1:30,5:26,6:40,7:00,9:25,9:25,10:43,10:50,
173,27,Dhū Al-Hijjah,1445,Sun,22 Jun,2:41,4:00,4:41,1:08,1:30,5:26,6:41,7:00,9:25,9:25,10:42,10:50,
174,28,Dhū Al-Hijjah,1445,Mon,23 Jun,2:42,4:00,4:41,1:08,1:30,5:26,6:41,7:00,9:25,9:25,10:42,10:50,
175,29,Dhū Al-Hijjah,1445,Tue,24 Jun,2:42,4:00,4:41,1:08,1:30,5:26,6:41,7:00,9:25,9:25,10:41,10:50,
176,30,Dhū Al-Hijjah,1445,Wed,25 Jun,2:43,4:00,4:42,1:08,1:30,5:26,6:41,7:00,9:25,9:25,10:41,10:50,
177,1,Muharram,1445,Thu,26 Jun,2:44,4:00,4:42,1:09,1:30,5:26,6:41,7:00,9:25,9:25,10:41,10:50,
178,2,Muharram,1445,Fri,27 Jun,2:45,4:00,4:43,1:09,1:30,5:26,6:41,7:00,9:25,9:25,10:40,10:45,2:30,
179,3,Muharram,1445,Sat,28 Jun,2:46,4:00,4:43,1:09,1:30,5:27,6:41,7:00,9:25,9:25,10:40,10:45,
180,4,Muharram,1445,Sun,29 Jun,2:47,4:00,4:44,1:09,1:30,5:27,6:41,7:00,9:25,9:25,10:39,10:45,
181,5,Muharram,1445,Mon,30 Jun,2:47,4:00,4:44,1:09,1:30,5:27,6:41,7:00,9:24,9:24,10:37,10:45,
182,6,Muharram,1445,Tue,1 Jul,2:49,4:00,4:45,1:10,1:30,5:27,6:41,7:00,9:24,9:24,10:36,10:45,
183,7,Muharram,1445,Wed,2 Jul,2:51,4:00,4:46,1:10,1:30,5:27,6:41,7:00,9:24,9:24,10:36,10:45,
184,8,Muharram,1445,Thu,3 Jul,2:51,4:00,4:46,1:10,1:30,5:27,6:41,7:00,9:23,9:23,10:35,10:45,
185,9,Muharram,1445,Fri,4 Jul,2:53,4:00,4:47,1:10,1:30,5:27,6:41,7:00,9:23,9:23,10:34,10:40,2:30,
186,10,Muharram,1445,Sat,5 Jul,2:54,4:00,4:48,1:10,1:30,5:27,6:40,7:00,9:22,9:22,10:33,10:40,
187,11,Muharram,1445,Sun,6 Jul,2:55,4:00,4:49,1:11,1:30,5:27,6:40,7:00,9:22,9:22,10:33,10:40,
188,12,Muharram,1445,Mon,7 Jul,2:57,4:00,4:50,1:11,1:30,5:26,6:40,7:00,9:21,9:21,10:31,10:40,
189,13,Muharram,1445,Tue,8 Jul,2:58,4:00,4:51,1:11,1:30,5:26,6:40,7:00,9:20,9:20,10:30,10:40,
190,14,Muharram,1445,Wed,9 Jul,3:00,4:00,4:52,1:11,1:30,5:26,6:39,7:00,9:20,9:20,10:30,10:40,
191,15,Muharram,1445,Thu,10 Jul,3:01,4:00,4:53,1:11,1:30,5:26,6:39,7:00,9:19,9:19,10:28,10:40,
192,16,Muharram,1445,Fri,11 Jul,3:02,4:00,4:54,1:11,1:30,5:26,6:39,7:00,9:18,9:18,10:27,10:40,2:30,
193,17,Muharram,1445,Sat,12 Jul,3:04,4:00,4:55,1:11,1:30,5:26,6:38,7:00,9:17,9:17,10:26,10:40,
194,18,Muharram,1445,Sun,13 Jul,3:05,4:00,4:56,1:11,1:30,5:25,6:38,7:00,9:16,9:16,10:24,10:40,
195,19,Muharram,1445,Mon,14 Jul,3:07,4:00,4:57,1:12,1:30,5:25,6:37,7:00,9:15,9:15,10:23,10:40,
196,20,Muharram,1445,Tue,15 Jul,3:08,4:00,4:58,1:12,1:30,5:25,6:37,7:00,9:14,9:14,10:22,10:40,
197,21,Muharram,1445,Wed,16 Jul,3:10,4:00,5:00,1:12,1:30,5:25,6:36,7:00,9:13,9:13,10:20,10:40,
198,22,Muharram,1445,Thu,17 Jul,3:12,4:00,5:01,1:12,1:30,5:24,6:36,7:00,9:12,9:12,10:19,10:40,
199,23,Muharram,1446,Fri,18 Jul,3:13,4:00,5:02,1:12,1:30,5:24,6:35,7:00,9:11,9:11,10:18,10:30,2:30,
200,24,Muharram,1446,Sat,19 Jul,3:15,4:00,5:03,1:12,1:30,5:24,6:35,7:00,9:10,9:10,10:16,10:30,
201,25,Muharram,1446,Sun,20 Jul,3:17,4:00,5:05,1:12,1:30,5:23,6:34,7:00,9:09,9:09,10:15,10:30,
202,26,Muharram,1446,Mon,21 Jul,3:18,4:00,5:06,1:12,1:30,5:23,6:33,7:00,9:07,9:07,10:13,10:30,
203,27,Muharram,1446,Tue,22 Jul,3:20,4:00,5:07,1:12,1:30,5:22,6:32,7:00,9:06,9:06,10:11,10:30,
204,28,Muharram,1446,Wed,23 Jul,3:22,4:00,5:09,1:12,1:30,5:22,6:32,7:00,9:05,9:05,10:10,10:30,
205,29,Muharram,1446,Thu,24 Jul,3:24,4:00,5:10,1:12,1:30,5:21,6:31,7:00,9:03,9:03,10:08,10:30,
206,1,Safar,1446,Fri,25 Jul,3:25,4:15,5:11,1:12,1:30,5:21,6:30,6:45,9:02,9:02,10:06,10:15,2:30,
207,2,Safar,1446,Sat,26 Jul,3:28,4:15,5:13,1:12,1:30,5:20,6:29,6:45,9:01,9:01,10:05,10:15,
208,3,Safar,1446,Sun,27 Jul,3:29,4:15,5:14,1:12,1:30,5:20,6:29,6:45,8:59,8:59,10:03,10:15,
209,4,Safar,1446,Mon,28 Jul,3:32,4:15,5:16,1:12,1:30,5:19,6:28,6:45,8:58,8:58,10:01,10:15,
210,5,Safar,1446,Tue,29 Jul,3:33,4:15,5:17,1:12,1:30,5:18,6:27,6:45,8:56,8:56,9:59,10:15,
211,6,Safar,1446,Wed,30 Jul,3:36,4:15,5:19,1:12,1:30,5:18,6:26,6:45,8:55,8:55,9:58,10:15,
212,7,Safar,1446,Thu,31 Jul,3:37,4:15,5:20,1:12,1:30,5:17,6:25,6:45,8:53,8:53,9:56,10:15,
213,8,Safar,1446,Fri,1 Aug,3:40,4:15,5:22,1:12,1:30,5:16,6:24,6:30,8:51,8:51,9:55,10:00,2:30,
214,9,Safar,1446,Sat,2 Aug,3:41,4:15,5:23,1:12,1:30,5:16,6:23,6:30,8:50,8:50,9:54,10:00,
215,10,Safar,1446,Sun,3 Aug,3:44,4:15,5:25,1:12,1:30,5:15,6:22,6:30,8:48,8:48,9:52,10:00,
216,11,Safar,1446,Mon,4 Aug,3:45,4:15,5:26,1:12,1:30,5:14,6:21,6:30,8:46,8:46,9:50,10:00,
217,12,Safar,1446,Tue,5 Aug,3:48,4:15,5:28,1:12,1:30,5:13,6:19,6:30,8:45,8:45,9:49,10:00,
218,13,Safar,1446,Wed,6 Aug,3:49,4:15,5:29,1:12,1:30,5:13,6:18,6:30,8:43,8:43,9:48,10:00,
219,14,Safar,1446,Thu,7 Aug,3:51,4:15,5:31,1:11,1:30,5:12,6:17,6:30,8:41,8:41,9:46,10:00,
220,15,Safar,1446,Fri,8 Aug,3:53,4:30,5:32,1:11,1:30,5:11,6:16,6:30,8:39,8:39,9:44,9:50,2:30,
221,16,Safar,1446,Sat,9 Aug,3:55,4:30,5:34,1:11,1:30,5:10,6:15,6:30,8:37,8:37,9:42,9:50,
222,17,Safar,1446,Sun,10 Aug,3:57,4:30,5:36,1:11,1:30,5:09,6:13,6:30,8:35,8:35,9:40,9:50,
223,18,Safar,1446,Mon,11 Aug,3:59,4:30,5:37,1:11,1:30,5:08,6:12,6:30,8:34,8:34,9:40,9:50,
224,19,Safar,1446,Tue,12 Aug,4:01,4:30,5:39,1:11,1:30,5:07,6:11,6:30,8:32,8:32,9:38,9:50,
225,20,Safar,1446,Wed,13 Aug,4:02,4:30,5:40,1:11,1:30,5:06,6:10,6:30,8:30,8:30,9:36,9:50,
226,21,Safar,1446,Thu,14 Aug,4:05,4:30,5:42,1:10,1:30,5:05,6:08,6:30,8:28,8:28,9:34,9:50,
227,22,Safar,1446,Fri,15 Aug,4:06,4:45,5:43,1:10,1:30,5:04,6:07,6:15,8:26,8:26,9:32,9:40,2:30,
228,23,Safar,1446,Sat,16 Aug,4:08,4:45,5:45,1:10,1:30,5:03,6:05,6:15,8:24,8:24,9:31,9:40,
229,24,Safar,1446,Sun,17 Aug,4:11,4:45,5:47,1:10,1:30,5:02,6:04,6:15,8:22,8:22,9:29,9:40,
230,25,Safar,1446,Mon,18 Aug,4:12,4:45,5:48,1:09,1:30,5:01,6:03,6:15,8:20,8:20,9:27,9:40,
231,26,Safar,1446,Tue,19 Aug,4:14,4:45,5:50,1:09,1:30,5:00,6:01,6:15,8:18,8:18,9:25,9:40,
232,27,Safar,1446,Wed,20 Aug,4:16,4:45,5:51,1:09,1:30,4:59,6:00,6:15,8:16,8:16,9:23,9:40,
233,28,Safar,1446,Thu,21 Aug,4:18,4:45,5:53,1:09,1:30,4:57,5:58,6:15,8:13,8:13,9:21,9:40,
234,29,Safar,1446,Fri,22 Aug,4:20,5:00,5:55,1:09,1:30,4:56,5:57,6:00,8:11,8:11,9:19,9:30,2:30,
235,30,Safar,1446,Sat,23 Aug,4:22,5:00,5:56,1:08,1:30,4:55,5:55,6:00,8:09,8:09,9:17,9:30,
236,1,Rabi‘ Al Awwal,1446,Sun,24 Aug,4:24,5:00,5:58,1:08,1:30,4:54,5:53,6:00,8:07,8:07,9:15,9:30,
237,2,Rabi‘ Al Awwal,1446,Mon,25 Aug,4:25,5:00,5:59,1:08,1:30,4:53,5:52,6:00,8:05,8:05,9:14,9:30,
238,3,Rabi‘ Al Awwal,1446,Tue,26 Aug,4:28,5:00,6:01,1:07,1:30,4:51,5:50,6:00,8:03,8:03,9:12,9:30,
239,4,Rabi‘ Al Awwal,1446,Wed,27 Aug,4:30,5:00,6:03,1:07,1:30,4:50,5:49,6:00,8:01,8:01,9:10,9:30,
240,5,Rabi‘ Al Awwal,1446,Thu,28 Aug,4:31,5:00,6:04,1:07,1:30,4:49,5:47,6:00,7:58,7:58,9:07,9:30,
241,6,Rabi‘ Al Awwal,1446,Fri,29 Aug,4:34,5:00,6:06,1:07,1:30,4:47,5:45,6:00,7:56,7:56,9:06,9:15,2:30,
242,7,Rabi‘ Al Awwal,1446,Sat,30 Aug,4:35,5:00,6:07,1:06,1:30,4:46,5:44,6:00,7:54,7:54,9:04,9:15,
243,8,Rabi‘ Al Awwal,1446,Sun,31 Aug,4:37,5:00,6:09,1:06,1:30,4:45,5:42,6:00,7:52,7:52,9:02,9:15,
244,9,Rabi‘ Al Awwal,1446,Mon,1 Sep,4:39,5:00,6:11,1:06,1:30,4:43,5:40,6:00,7:50,7:50,9:01,9:15,
245,10,Rabi‘ Al Awwal,1446,Tue,2 Sep,4:40,5:00,6:12,1:05,1:30,4:42,5:38,6:00,7:47,7:47,8:58,9:15,
246,11,Rabi‘ Al Awwal,1446,Wed,3 Sep,4:42,5:00,6:14,1:05,1:30,4:41,5:37,6:00,7:45,7:45,8:56,9:15,
247,12,Rabi‘ Al Awwal,1446,Thu,4 Sep,4:43,5:00,6:15,1:05,1:30,4:39,5:35,6:00,7:43,7:43,8:55,9:15,
248,13,Rabi‘ Al Awwal,1446,Fri,5 Sep,4:45,5:15,6:17,1:04,1:15,4:38,5:33,5:45,7:41,7:41,8:53,9:00,2:15,
249,14,Rabi‘ Al Awwal,1446,Sat,6 Sep,4:46,5:15,6:18,1:04,1:30,4:36,5:31,5:45,7:38,7:38,8:50,9:00,
250,15,Rabi‘ Al Awwal,1446,Sun,7 Sep,4:48,5:15,6:20,1:04,1:30,4:35,5:30,5:45,7:36,7:36,8:49,9:00,
251,16,Rabi‘ Al Awwal,1446,Mon,8 Sep,4:50,5:15,6:22,1:03,1:30,4:33,5:28,5:45,7:34,7:34,8:47,9:00,
252,17,Rabi‘ Al Awwal,1446,Tue,9 Sep,4:51,5:15,6:23,1:03,1:30,4:32,5:26,5:45,7:32,7:32,8:45,9:00,
253,18,Rabi‘ Al Awwal,1446,Wed,10 Sep,4:53,5:15,6:25,1:03,1:30,4:30,5:24,5:45,7:29,7:29,8:42,9:00,
254,19,Rabi‘ Al Awwal,1446,Thu,11 Sep,4:54,5:15,6:26,1:02,1:30,4:29,5:22,5:45,7:27,7:27,8:41,9:00,
255,20,Rabi‘ Al Awwal,1446,Fri,12 Sep,4:56,5:30,6:28,1:02,1:15,4:27,5:20,5:30,7:25,7:25,8:39,8:45,2:15,
256,21,Rabi‘ Al Awwal,1446,Sat,13 Sep,4:58,5:30,6:30,1:02,1:30,4:26,5:18,5:30,7:22,7:22,8:36,8:45,
257,22,Rabi‘ Al Awwal,1446,Sun,14 Sep,4:59,5:30,6:31,1:01,1:30,4:24,5:17,5:30,7:20,7:20,8:34,8:45,
258,23,Rabi‘ Al Awwal,1446,Mon,15 Sep,5:01,5:30,6:33,1:01,1:30,4:22,5:15,5:30,7:18,7:18,8:33,8:45,
259,24,Rabi‘ Al Awwal,1446,Tue,16 Sep,5:03,5:30,6:34,1:00,1:30,4:21,5:13,5:30,7:15,7:15,8:30,8:45,
260,25,Rabi‘ Al Awwal,1446,Wed,17 Sep,5:05,5:30,6:36,1:00,1:30,4:19,5:11,5:30,7:13,7:13,8:28,8:45,
261,26,Rabi‘ Al Awwal,1446,Thu,18 Sep,5:07,5:30,6:38,1:00,1:30,4:18,5:09,5:30,7:11,7:11,8:26,8:45,
262,27,Rabi‘ Al Awwal,1446,Fri,19 Sep,5:09,5:45,6:39,12:59,1:15,4:16,5:07,5:15,7:09,7:09,8:24,8:30,2:15,
263,28,Rabi‘ Al Awwal,1446,Sat,20 Sep,5:11,5:45,6:41,12:59,1:30,4:14,5:05,5:15,7:06,7:06,8:21,8:30,
264,29,Rabi‘ Al Awwal,1446,Sun,21 Sep,5:12,5:45,6:42,12:59,1:30,4:13,5:03,5:15,7:04,7:04,8:20,8:30,
265,30,Rabi‘ Al Awwal,1446,Mon,22 Sep,5:15,5:45,6:44,12:58,1:30,4:11,5:01,5:15,7:02,7:02,8:18,8:30,
266,1,Rabi‘ Al-Ākhir,1446,Tue,23 Sep,5:17,5:45,6:46,12:58,1:30,4:09,4:59,5:15,6:59,6:59,8:15,8:30,
267,2,Rabi‘ Al-Ākhir,1446,Wed,24 Sep,5:18,5:45,6:47,12:58,1:30,4:08,4:57,5:15,6:57,6:57,8:13,8:30,
268,3,Rabi‘ Al-Ākhir,1446,Thu,25 Sep,5:21,5:45,6:49,12:57,1:30,4:06,4:55,5:15,6:55,6:55,8:12,8:30,
269,4,Rabi‘ Al-Ākhir,1446,Fri,26 Sep,5:22,6:00,6:50,12:57,1:15,4:04,4:53,5:00,6:52,6:52,8:09,8:15,2:15,
270,5,Rabi‘ Al-Ākhir,1446,Sat,27 Sep,5:24,6:00,6:52,12:57,1:30,4:03,4:51,5:00,6:50,6:50,8:07,8:15,
271,6,Rabi‘ Al-Ākhir,1446,Sun,28 Sep,5:27,6:00,6:54,12:56,1:30,4:01,4:49,5:00,6:48,6:48,8:05,8:15,
272,7,Rabi‘ Al-Ākhir,1446,Mon,29 Sep,5:28,6:00,6:55,12:56,1:30,3:59,4:47,5:00,6:46,6:46,8:03,8:15,
273,8,Rabi‘ Al-Ākhir,1446,Tue,30 Sep,5:30,6:00,6:57,12:56,1:30,3:58,4:45,5:00,6:43,6:43,8:00,8:15,
274,9,Rabi‘ Al-Ākhir,1446,Wed,1 Oct,5:31,6:00,6:59,12:55,1:30,3:56,4:43,5:00,6:41,6:41,7:59,8:15,
275,10,Rabi‘ Al-Ākhir,1446,Thu,2 Oct,5:32,6:00,7:00,12:55,1:30,3:54,4:41,5:00,6:39,6:39,7:57,8:15,
276,11,Rabi‘ Al-Ākhir,1446,Fri,3 Oct,5:34,6:00,7:02,12:55,1:15,3:53,4:39,4:45,6:36,6:36,7:55,8:00,2:15,
277,12,Rabi‘ Al-Ākhir,1446,Sat,4 Oct,5:36,6:00,7:04,12:54,1:30,3:51,4:37,4:45,6:34,6:34,7:53,8:00,
278,13,Rabi‘ Al-Ākhir,1446,Sun,5 Oct,5:36,6:00,7:05,12:54,1:30,3:49,4:35,4:45,6:32,6:32,7:51,8:00,
279,14,Rabi‘ Al-Ākhir,1446,Mon,6 Oct,5:38,6:00,7:07,12:54,1:30,3:48,4:33,4:45,6:30,6:30,7:49,8:00,
280,15,Rabi‘ Al-Ākhir,1446,Tue,7 Oct,5:39,6:00,7:08,12:53,1:30,3:46,4:31,4:45,6:27,6:27,7:48,8:00,
281,16,Rabi‘ Al-Ākhir,1446,Wed,8 Oct,5:40,6:00,7:10,12:53,1:30,3:44,4:29,4:45,6:25,6:25,7:46,8:00,
282,17,Rabi‘ Al-Ākhir,1446,Thu,9 Oct,5:42,6:00,7:12,12:53,1:30,3:42,4:27,4:45,6:23,6:23,7:44,8:00,
283,18,Rabi‘ Al-Ākhir,1446,Fri,10 Oct,5:43,6:15,7:13,12:53,1:15,3:41,4:25,4:30,6:21,6:21,7:42,8:00,2:15,
284,19,Rabi‘ Al-Ākhir,1446,Sat,11 Oct,5:44,6:15,7:15,12:52,1:30,3:39,4:23,4:30,6:19,6:19,7:40,8:00,
285,20,Rabi‘ Al-Ākhir,1446,Sun,12 Oct,5:46,6:15,7:17,12:52,1:30,3:37,4:21,4:30,6:16,6:16,7:37,8:00,
286,21,Rabi‘ Al-Ākhir,1446,Mon,13 Oct,5:48,6:15,7:19,12:52,1:30,3:36,4:19,4:30,6:14,6:14,7:37,8:00,
287,22,Rabi‘ Al-Ākhir,1446,Tue,14 Oct,5:48,6:15,7:20,12:52,1:30,3:34,4:18,4:30,6:12,6:12,7:35,8:00,
288,23,Rabi‘ Al-Ākhir,1446,Wed,15 Oct,5:50,6:15,7:22,12:51,1:30,3:32,4:16,4:30,6:10,6:10,7:33,8:00,
289,24,Rabi‘ Al-Ākhir,1446,Thu,16 Oct,5:52,6:15,7:24,12:51,1:30,3:31,4:14,4:30,6:08,6:08,7:31,8:00,
290,25,Rabi‘ Al-Ākhir,1446,Fri,17 Oct,5:52,6:30,7:25,12:51,1:15,3:29,4:12,4:15,6:06,6:06,7:29,8:00,2:15,
291,26,Rabi‘ Al-Ākhir,1446,Sat,18 Oct,5:54,6:30,7:27,12:51,1:30,3:27,4:10,4:15,6:04,6:04,7:27,8:00,
292,27,Rabi‘ Al-Ākhir,1446,Sun,19 Oct,5:56,6:30,7:29,12:51,1:30,3:26,4:08,4:15,6:02,6:02,7:25,8:00,
293,28,Rabi‘ Al-Ākhir,1446,Mon,20 Oct,5:58,6:30,7:31,12:50,1:30,3:24,4:06,4:15,6:00,6:00,7:23,8:00,
294,29,Rabi‘ Al-Ākhir,1446,Tue,21 Oct,5:58,6:30,7:32,12:50,1:30,3:23,4:04,4:15,5:57,5:57,7:22,8:00,
295,30,Rabi‘ Al-Ākhir,1446,Wed,22 Oct,6:00,6:30,7:34,12:50,1:30,3:21,4:02,4:15,5:55,5:55,7:20,8:00,
296,1,Jumāda Al-Ūlā,1446,Thu,23 Oct,6:01,6:30,7:36,12:50,1:30,3:20,4:00,4:15,5:53,5:53,7:18,8:00,
297,2,Jumāda Al-Ūlā,1446,Fri,24 Oct,6:02,6:30,7:37,12:50,1:15,3:18,3:59,4:15,5:51,5:51,7:16,8:00,2:15,
298,3,Jumāda Al-Ūlā,1446,Sat,25 Oct,6:04,6:30,7:39,12:50,1:30,3:16,3:57,4:15,5:49,5:49,7:16,8:00,
299,4,Jumāda Al-Ūlā,1446,Sun,26 Oct,5:05,5:30,6:41,11:50,1:15,2:15,2:55,3:00,4:48,4:48,6:15,8:00,Clock Changes
300,5,Jumāda Al-Ūlā,1446,Mon,27 Oct,5:07,5:30,6:43,11:50,1:15,2:13,2:53,3:00,4:46,4:46,6:13,8:00,
301,6,Jumāda Al-Ūlā,1446,Tue,28 Oct,5:08,5:30,6:44,11:49,1:15,2:12,2:51,3:00,4:44,4:44,6:11,8:00,
302,7,Jumāda Al-Ūlā,1446,Wed,29 Oct,5:09,5:30,6:46,11:49,1:15,2:10,2:50,3:00,4:42,4:42,6:09,8:00,
303,8,Jumāda Al-Ūlā,1446,Thu,30 Oct,5:11,5:30,6:48,11:49,1:15,2:09,2:48,3:00,4:40,4:40,6:07,8:00,
304,9,Jumāda Al-Ūlā,1446,Fri,31 Oct,5:13,5:45,6:50,11:49,12:15,2:08,2:46,2:15,4:38,4:38,6:05,8:00,13:15,
305,10,Jumāda Al-Ūlā,1446,Sat,1 Nov,5:15,5:45,6:52,11:49,1:15,2:06,2:44,2:15,4:36,4:36,6:04,8:00,Fireworks
306,11,Jumāda Al-Ūlā,1446,Sun,2 Nov,5:16,5:45,6:53,11:49,1:15,2:05,2:43,2:15,4:35,4:35,6:03,8:00,
307,12,Jumāda Al-Ūlā,1446,Mon,3 Nov,5:18,5:45,6:55,11:49,1:15,2:03,2:41,2:15,4:33,4:33,6:02,8:00,
308,13,Jumāda Al-Ūlā,1446,Tue,4 Nov,5:19,5:45,6:57,11:49,1:15,2:02,2:40,2:15,4:31,4:31,6:00,8:00,
309,14,Jumāda Al-Ūlā,1446,Wed,5 Nov,5:21,5:45,6:59,11:49,1:15,2:01,2:38,2:15,4:29,4:29,5:59,8:00,
310,15,Jumāda Al-Ūlā,1446,Thu,6 Nov,5:22,5:45,7:00,11:49,1:15,1:59,2:36,2:15,4:28,4:28,5:58,8:00,
311,16,Jumāda Al-Ūlā,1446,Fri,7 Nov,5:23,6:00,7:02,11:49,12:15,1:58,2:35,2:15,4:26,4:26,5:57,8:00,13:00,
312,17,Jumāda Al-Ūlā,1446,Sat,8 Nov,5:25,6:00,7:04,11:49,1:15,1:57,2:33,2:15,4:24,4:24,5:55,8:00,
313,18,Jumāda Al-Ūlā,1446,Sun,9 Nov,5:27,6:00,7:06,11:50,1:15,1:56,2:32,2:15,4:23,4:23,5:55,8:00,
314,19,Jumāda Al-Ūlā,1446,Mon,10 Nov,5:27,6:00,7:07,11:50,1:15,1:54,2:30,2:15,4:21,4:21,5:53,8:00,
315,20,Jumāda Al-Ūlā,1446,Tue,11 Nov,5:29,6:00,7:09,11:50,1:15,1:53,2:29,2:15,4:20,4:20,5:52,8:00,
316,21,Jumāda Al-Ūlā,1446,Wed,12 Nov,5:31,6:00,7:11,11:50,1:15,1:52,2:28,2:15,4:18,4:18,5:50,8:00,
317,22,Jumāda Al-Ūlā,1446,Thu,13 Nov,5:32,6:00,7:13,11:50,1:15,1:51,2:26,2:15,4:17,4:17,5:50,9:15,
318,23,Jumāda Al-Ūlā,1446,Fri,14 Nov,5:33,6:15,7:14,11:50,12:15,1:50,2:25,2:00,4:15,4:15,5:48,8:00,13:00,
319,24,Jumāda Al-Ūlā,1446,Sat,15 Nov,5:35,6:15,7:16,11:50,1:15,1:49,2:24,2:00,4:14,4:14,5:47,8:00,
320,25,Jumāda Al-Ūlā,1446,Sun,16 Nov,5:36,6:15,7:18,11:50,1:15,1:48,2:22,2:00,4:13,4:13,5:46,8:00,
321,26,Jumāda Al-Ūlā,1446,Mon,17 Nov,5:37,6:15,7:19,11:51,1:15,1:47,2:21,2:00,4:11,4:11,5:45,8:00,
322,27,Jumāda Al-Ūlā,1446,Tue,18 Nov,5:39,6:15,7:21,11:51,1:15,1:46,2:20,2:00,4:10,4:10,5:44,8:00,
323,28,Jumāda Al-Ūlā,1446,Wed,19 Nov,5:41,6:15,7:23,11:51,1:15,1:45,2:19,2:00,4:09,4:09,5:43,8:00,
324,29,Jumāda Al-Ūlā,1446,Thu,20 Nov,5:42,6:15,7:24,11:51,1:15,1:44,2:18,2:00,4:08,4:08,5:42,8:00,
325,1,Jumāda Al-Ākhirah,1446,Fri,21 Nov,5:44,6:15,7:26,11:52,12:15,1:43,2:17,1:50,4:07,4:07,5:42,8:00,13:00,
326,2,Jumāda Al-Ākhirah,1446,Sat,22 Nov,5:46,6:15,7:28,11:52,1:15,1:43,2:16,1:50,4:06,4:06,5:41,8:00,
327,3,Jumāda Al-Ākhirah,1446,Sun,23 Nov,5:47,6:15,7:29,11:52,1:15,1:42,2:15,1:50,4:05,4:05,5:40,8:00,
328,4,Jumāda Al-Ākhirah,1446,Mon,24 Nov,5:49,6:15,7:31,11:52,1:15,1:41,2:14,1:50,4:04,4:04,5:39,8:00,
329,5,Jumāda Al-Ākhirah,1446,Tue,25 Nov,5:50,6:15,7:32,11:53,1:15,1:40,2:13,1:50,4:03,4:03,5:39,8:00,
330,6,Jumāda Al-Ākhirah,1446,Wed,26 Nov,5:52,6:15,7:34,11:53,1:15,1:40,2:12,1:50,4:02,4:02,5:38,8:00,
331,7,Jumāda Al-Ākhirah,1446,Thu,27 Nov,5:53,6:15,7:35,11:53,1:15,1:39,2:11,1:50,4:01,4:01,5:37,8:00,
332,8,Jumāda Al-Ākhirah,1446,Fri,28 Nov,5:55,6:30,7:37,11:54,12:15,1:39,2:11,1:50,4:00,4:00,5:36,8:00,13:00,
333,9,Jumāda Al-Ākhirah,1446,Sat,29 Nov,5:56,6:30,7:38,11:54,1:15,1:38,2:10,1:50,3:59,3:59,5:35,8:00,
334,10,Jumāda Al-Ākhirah,1446,Sun,30 Nov,5:58,6:30,7:40,11:54,1:15,1:38,2:09,1:50,3:59,3:59,5:36,8:00,
335,11,Jumāda Al-Ākhirah,1446,Mon,1 Dec,5:59,6:30,7:41,11:55,1:15,1:37,2:09,1:50,3:58,3:58,5:35,8:00,
336,12,Jumāda Al-Ākhirah,1446,Tue,2 Dec,6:01,6:30,7:43,11:55,1:15,1:37,2:08,1:50,3:57,3:57,5:34,8:00,
337,13,Jumāda Al-Ākhirah,1446,Wed,3 Dec,6:02,6:30,7:44,11:56,1:15,1:37,2:08,1:50,3:57,3:57,5:34,8:00,
338,14,Jumāda Al-Ākhirah,1446,Thu,4 Dec,6:03,6:30,7:45,11:56,1:15,1:36,2:07,1:50,3:56,3:56,5:33,8:00,
339,15,Jumāda Al-Ākhirah,1446,Fri,5 Dec,6:04,6:30,7:46,11:56,12:15,1:36,2:07,1:50,3:56,3:56,5:33,8:00,13:00,
340,16,Jumāda Al-Ākhirah,1446,Sat,6 Dec,6:06,6:30,7:48,11:57,1:15,1:36,2:07,1:50,3:56,3:56,5:33,8:00,
341,17,Jumāda Al-Ākhirah,1446,Sun,7 Dec,6:07,6:30,7:49,11:57,1:15,1:36,2:06,1:50,3:55,3:55,5:32,8:00,
342,18,Jumāda Al-Ākhirah,1446,Mon,8 Dec,6:08,6:30,7:50,11:58,1:15,1:36,2:06,1:50,3:55,3:55,5:32,8:00,
343,19,Jumāda Al-Ākhirah,1446,Tue,9 Dec,6:09,6:30,7:51,11:58,1:15,1:36,2:06,1:50,3:55,3:55,5:32,8:00,
344,20,Jumāda Al-Ākhirah,1446,Wed,10 Dec,6:10,6:30,7:52,11:59,1:15,1:36,2:06,1:50,3:55,3:55,5:32,8:00,
345,21,Jumāda Al-Ākhirah,1446,Thu,11 Dec,6:11,6:30,7:53,11:59,1:15,1:36,2:06,1:50,3:55,3:55,5:32,8:00,
346,22,Jumāda Al-Ākhirah,1446,Fri,12 Dec,6:12,6:45,7:54,11:59,12:15,1:36,2:06,1:50,3:55,3:55,5:32,8:00,13:00,
347,23,Jumāda Al-Ākhirah,1446,Sat,13 Dec,6:13,6:45,7:55,12:00,1:15,1:36,2:06,1:50,3:55,3:55,5:32,8:00,
348,24,Jumāda Al-Ākhirah,1446,Sun,14 Dec,6:14,6:45,7:56,12:00,1:15,1:36,2:06,1:50,3:55,3:55,5:32,8:00,
349,25,Jumāda Al-Ākhirah,1446,Mon,15 Dec,6:15,6:45,7:57,12:01,1:15,1:36,2:06,1:50,3:55,3:55,5:32,8:00,
350,26,Jumāda Al-Ākhirah,1446,Tue,16 Dec,6:17,6:45,7:58,12:01,1:15,1:36,2:06,1:50,3:55,3:55,5:32,8:00,
351,27,Jumāda Al-Ākhirah,1446,Wed,17 Dec,6:18,6:45,7:59,12:02,1:15,1:37,2:07,1:50,3:55,3:55,5:32,8:00,
352,28,Jumāda Al-Ākhirah,1446,Thu,18 Dec,6:18,6:45,7:59,12:02,1:15,1:37,2:07,1:50,3:55,3:55,5:32,8:00,
353,29,Jumāda Al-Ākhirah,1446,Fri,19 Dec,6:19,7:00,8:00,12:03,12:15,1:37,2:07,1:50,3:56,3:56,5:33,8:00,13:00,
354,30,Jumāda Al-Ākhirah,1446,Sat,20 Dec,6:20,7:00,8:00,12:03,1:15,1:38,2:08,1:50,3:56,3:56,5:33,8:00,
355,1,Rajab,1446,Sun,21 Dec,6:21,7:00,8:01,12:04,1:15,1:38,2:08,1:50,3:57,3:57,5:34,8:00,
356,2,Rajab,1446,Mon,22 Dec,6:21,7:00,8:01,12:04,1:15,1:39,2:09,1:50,3:57,3:57,5:34,8:00,
357,3,Rajab,1446,Tue,23 Dec,6:22,7:00,8:02,12:05,1:15,1:39,2:09,1:50,3:58,3:58,5:35,8:00,
358,4,Rajab,1446,Wed,24 Dec,6:22,7:00,8:02,12:05,1:15,1:40,2:10,1:50,3:58,3:58,5:35,8:00,
359,5,Rajab,1446,Thu,25 Dec,6:23,7:00,8:03,12:06,1:15,1:41,2:11,1:50,3:59,3:59,5:36,8:00,
360,6,Rajab,1446,Fri,26 Dec,6:25,7:00,8:03,12:06,12:15,1:42,2:11,1:50,4:00,4:00,5:37,8:00,13:00,
361,7,Rajab,1446,Sat,27 Dec,6:25,7:00,8:03,12:07,1:15,1:42,2:12,1:50,4:01,4:01,5:38,8:00,
362,8,Rajab,1446,Sun,28 Dec,6:25,7:00,8:03,12:07,1:15,1:43,2:13,1:50,4:02,4:02,5:39,8:00,
363,9,Rajab,1446,Mon,29 Dec,6:26,7:00,8:03,12:08,1:15,1:44,2:14,1:50,4:02,4:02,5:39,8:00,
364,10,Rajab,1446,Tue,30 Dec,6:26,7:00,8:03,12:08,1:15,1:45,2:15,1:50,4:03,4:03,5:40,8:00,
365,11,Rajab,1446,Wed,31 Dec,6:26,7:00,8:03,12:09,1:15,1:45,2:16,1:50,4:04,4:04,5:41,8:00,