RowNum,Hijri Date,Hijri Month,Hijri Year,Day,Date,Fajr Begins,Fajr Jamah,Sunrise,Dhuhr Begins,Dhuhr Jamah,Mithl 1,Mithl 2,Asr Jamah,Maghrib Begins,Maghrib Jamah,Isha Begins,Isha Jamah
1,28,Jumāda Al-Ūlā,1443,Sat,1 Jan,6:26,6:45,8:03,12:09,1:15,1:46,2:17,1:55,4:05,4:05,5:42,8:00
2,29,Jumāda Al-Ūlā,1443,Sun,2 Jan,6:26,6:45,8:03,12:10,1:15,1:47,2:18,1:55,4:06,4:06,5:43,8:00
3,30,Jumāda Al-Ūlā,1443,Mon,3 Jan,6:26,6:45,8:03,12:10,1:15,1:48,2:19,1:55,4:08,4:08,5:45,8:00
4,1,Jumāda Al-Ākhirah,1443,Tue,4 Jan,6:26,6:45,8:03,12:11,1:15,1:49,2:20,1:55,4:09,4:09,5:46,8:00
5,2,Jumāda Al-Ākhirah,1443,Wed,5 Jan,6:25,6:45,8:02,12:11,1:15,1:50,2:21,1:55,4:10,4:10,5:47,8:00
6,3,Jumāda Al-Ākhirah,1443,Thu,6 Jan,6:25,6:45,8:02,12:11,1:15,1:51,2:22,1:55,4:11,4:11,5:48,8:00
7,4,Jumāda Al-Ākhirah,1443,Fri,7 Jan,6:25,6:45,8:02,12:12,1:30,1:52,2:23,2:00,4:12,4:12,5:49,8:00
8,5,Jumāda Al-Ākhirah,1443,Sat,8 Jan,6:24,6:45,8:01,12:12,1:30,1:53,2:25,2:00,4:14,4:14,5:51,8:00
9,6,Jumāda Al-Ākhirah,1443,Sun,9 Jan,6:24,6:45,8:01,12:13,1:30,1:55,2:26,2:00,4:15,4:15,5:52,8:00
10,7,Jumāda Al-Ākhirah,1443,Mon,10 Jan,6:23,6:45,8:00,12:13,1:30,1:56,2:27,2:00,4:17,4:17,5:54,8:00
11,8,Jumāda Al-Ākhirah,1443,Tue,11 Jan,6:23,6:45,8:00,12:14,1:30,1:57,2:29,2:00,4:18,4:18,5:55,8:00
12,9,Jumāda Al-Ākhirah,1443,Wed,12 Jan,6:22,6:45,7:59,12:14,1:30,1:58,2:30,2:00,4:19,4:19,5:56,8:00
13,10,Jumāda Al-Ākhirah,1443,Thu,13 Jan,6:21,6:45,7:58,12:14,1:30,2:00,2:32,2:00,4:21,4:21,5:58,8:00
14,11,Jumāda Al-Ākhirah,1443,Fri,14 Jan,6:20,6:45,7:57,12:15,1:30,2:01,2:33,2:10,4:22,4:22,5:59,8:00
15,12,Jumāda Al-Ākhirah,1443,Sat,15 Jan,6:20,6:45,7:57,12:15,1:30,2:02,2:34,2:10,4:24,4:24,6:01,8:00
16,13,Jumāda Al-Ākhirah,1443,Sun,16 Jan,6:19,6:45,7:56,12:15,1:30,2:03,2:36,2:10,4:25,4:25,6:02,8:00
17,14,Jumāda Al-Ākhirah,1443,Mon,17 Jan,6:18,6:45,7:55,12:16,1:30,2:05,2:37,2:10,4:27,4:27,6:04,8:00
18,15,Jumāda Al-Ākhirah,1443,Tue,18 Jan,6:17,6:45,7:54,12:16,1:30,2:06,2:39,2:10,4:29,4:29,6:06,8:00
19,16,Jumāda Al-Ākhirah,1443,Wed,19 Jan,6:16,6:45,7:53,12:16,1:30,2:07,2:41,2:10,4:30,4:30,6:07,8:00
20,17,Jumāda Al-Ākhirah,1443,Thu,20 Jan,6:15,6:45,7:52,12:17,1:30,2:09,2:42,2:10,4:32,4:32,6:09,8:00
21,18,Jumāda Al-Ākhirah,1443,Fri,21 Jan,6:14,6:45,7:51,12:17,1:30,2:10,2:44,2:20,4:34,4:34,6:11,8:00
22,19,Jumāda Al-Ākhirah,1443,Sat,22 Jan,6:13,6:45,7:50,12:17,1:30,2:11,2:45,2:20,4:35,4:35,6:12,8:00
23,20,Jumāda Al-Ākhirah,1443,Sun,23 Jan,6:11,6:45,7:48,12:17,1:30,2:13,2:47,2:20,4:37,4:37,6:14,8:00
24,21,Jumāda Al-Ākhirah,1443,Mon,24 Jan,6:10,6:45,7:47,12:18,1:30,2:14,2:49,2:20,4:39,4:39,6:16,8:00
25,22,Jumāda Al-Ākhirah,1443,Tue,25 Jan,6:09,6:45,7:46,12:18,1:30,2:16,2:50,2:20,4:41,4:41,6:18,8:00
26,23,Jumāda Al-Ākhirah,1443,Wed,26 Jan,6:08,6:45,7:45,12:18,1:30,2:17,2:52,2:20,4:42,4:42,6:19,8:00
27,24,Jumāda Al-Ākhirah,1443,Thu,27 Jan,6:06,6:45,7:43,12:18,1:30,2:18,2:54,2:20,4:44,4:44,6:21,8:00
28,25,Jumāda Al-Ākhirah,1443,Fri,28 Jan,6:05,6:45,7:42,12:19,1:30,2:20,2:55,2:30,4:46,4:46,6:23,8:00
29,26,Jumāda Al-Ākhirah,1443,Sat,29 Jan,6:03,6:45,7:40,12:19,1:30,2:21,2:57,2:30,4:48,4:48,6:25,8:00
30,27,Jumāda Al-Ākhirah,1443,Sun,30 Jan,6:02,6:45,7:39,12:19,1:30,2:23,2:59,2:30,4:49,4:49,6:26,8:00
31,28,Jumāda Al-Ākhirah,1443,Mon,31 Jan,6:01,6:45,7:38,12:19,1:30,2:24,3:00,2:30,4:51,4:51,6:28,8:00
32,29,Jumāda Al-Ākhirah,1443,Tue,1 Feb,5:59,6:45,7:36,12:19,1:30,2:26,3:02,2:30,4:53,4:53,6:29,8:00
33,1,Rajab,1443,Wed,2 Feb,5:57,6:45,7:34,12:19,1:30,2:27,3:04,2:30,4:55,4:55,6:30,8:00
34,2,Rajab,1443,Thu,3 Feb,5:56,6:45,7:33,12:19,1:30,2:29,3:05,2:30,4:57,4:57,6:31,8:00
35,3,Rajab,1443,Fri,4 Feb,5:54,6:30,7:31,12:20,1:30,2:30,3:07,3:30,4:58,4:58,6:32,8:00
36,4,Rajab,1443,Sat,5 Feb,5:53,6:30,7:30,12:20,1:30,2:32,3:09,3:30,5:00,5:00,6:33,8:00
37,5,Rajab,1443,Sun,6 Feb,5:51,6:30,7:28,12:20,1:30,2:33,3:11,3:30,5:02,5:02,6:35,8:00
38,6,Rajab,1443,Mon,7 Feb,5:49,6:30,7:26,12:20,1:30,2:34,3:12,3:30,5:04,5:04,6:36,8:00
39,7,Rajab,1443,Tue,8 Feb,5:47,6:30,7:24,12:20,1:30,2:36,3:14,3:30,5:06,5:06,6:38,8:00
40,8,Rajab,1443,Wed,9 Feb,5:46,6:30,7:23,12:20,1:30,2:37,3:16,3:30,5:08,5:08,6:39,8:00
41,9,Rajab,1443,Thu,10 Feb,5:44,6:30,7:21,12:20,1:30,2:39,3:17,3:30,5:09,5:09,6:40,8:00
42,10,Rajab,1443,Fri,11 Feb,5:42,6:15,7:19,12:20,1:30,2:40,3:19,3:45,5:11,5:11,6:42,8:00
43,11,Rajab,1443,Sat,12 Feb,5:40,6:15,7:17,12:20,1:30,2:42,3:21,3:45,5:13,5:13,6:44,8:00
44,12,Rajab,1443,Sun,13 Feb,5:38,6:15,7:15,12:20,1:30,2:43,3:23,3:45,5:15,5:15,6:45,8:00
45,13,Rajab,1443,Mon,14 Feb,5:37,6:15,7:14,12:20,1:30,2:44,3:24,3:45,5:17,5:17,6:47,8:00
46,14,Rajab,1443,Tue,15 Feb,5:35,6:15,7:12,12:20,1:30,2:46,3:26,3:45,5:19,5:19,6:49,8:00
47,15,Rajab,1443,Wed,16 Feb,5:33,6:15,7:10,12:20,1:30,2:47,3:28,3:45,5:20,5:20,6:50,8:00
48,16,Rajab,1443,Thu,17 Feb,5:31,6:15,7:08,12:20,1:30,2:49,3:29,3:45,5:22,5:22,6:51,8:00
49,17,Rajab,1443,Fri,18 Feb,5:29,6:00,7:06,12:20,1:30,2:50,3:31,3:45,5:24,5:24,6:53,8:00
50,18,Rajab,1443,Sat,19 Feb,5:27,6:00,7:04,12:19,1:30,2:51,3:33,3:45,5:26,5:26,6:55,8:00
51,19,Rajab,1443,Sun,20 Feb,5:25,6:00,7:02,12:19,1:30,2:53,3:34,3:45,5:28,5:28,6:57,8:00
52,20,Rajab,1443,Mon,21 Feb,5:23,6:00,7:00,12:19,1:30,2:54,3:36,3:45,5:29,5:29,6:57,8:00
53,21,Rajab,1443,Tue,22 Feb,5:21,6:00,6:58,12:19,1:30,2:55,3:37,3:45,5:31,5:31,6:59,8:00
54,22,Rajab,1443,Wed,23 Feb,5:19,6:00,6:56,12:19,1:30,2:57,3:39,3:45,5:33,5:33,7:01,8:00
55,23,Rajab,1443,Thu,24 Feb,5:17,6:00,6:54,12:19,1:30,2:58,3:41,3:45,5:35,5:35,7:03,8:00
56,24,Rajab,1443,Fri,25 Feb,5:15,5:45,6:52,12:19,1:30,2:59,3:42,4:00,5:37,5:37,7:04,8:00
57,25,Rajab,1443,Sat,26 Feb,5:12,5:45,6:49,12:18,1:30,3:01,3:44,4:00,5:38,5:38,7:05,8:00
58,26,Rajab,1443,Sun,27 Feb,5:10,5:45,6:47,12:18,1:30,3:02,3:45,4:00,5:40,5:40,7:07,8:00
59,27,Rajab,1443,Mon,28 Feb,5:08,5:45,6:45,12:18,1:30,3:03,3:47,4:00,5:42,5:42,7:09,8:00
60,28,Rajab,1443,Tue,1 Mar,5:06,5:45,6:43,12:18,1:30,3:04,3:49,4:00,5:44,5:44,7:10,8:00
61,29,Rajab,1443,Wed,2 Mar,5:04,5:45,6:41,12:18,1:30,3:06,3:50,4:00,5:46,5:46,7:12,8:00
62,30,Rajab,1443,Thu,3 Mar,5:02,5:45,6:39,12:18,1:30,3:07,3:52,4:00,5:47,5:47,7:12,8:00
63,1,Sha‘bān,1443,Fri,4 Mar,5:00,5:30,6:37,12:17,1:30,3:08,3:53,4:15,5:49,5:49,7:14,8:00
64,2,Sha‘bān,1443,Sat,5 Mar,4:57,5:30,6:34,12:17,1:30,3:09,3:55,4:15,5:51,5:51,7:15,8:00
65,3,Sha‘bān,1443,Sun,6 Mar,4:55,5:30,6:32,12:17,1:30,3:11,3:56,4:15,5:53,5:53,7:17,8:00
66,4,Sha‘bān,1443,Mon,7 Mar,4:53,5:30,6:30,12:17,1:30,3:12,3:58,4:15,5:54,5:54,7:17,8:00
67,5,Sha‘bān,1443,Tue,8 Mar,4:51,5:30,6:28,12:16,1:30,3:13,3:59,4:15,5:56,5:56,7:19,8:00
68,6,Sha‘bān,1443,Wed,9 Mar,4:48,5:30,6:25,12:16,1:30,3:14,4:01,4:15,5:58,5:58,7:20,8:00
69,7,Sha‘bān,1443,Thu,10 Mar,4:46,5:30,6:23,12:16,1:30,3:15,4:02,4:15,6:00,6:00,7:22,8:00
70,8,Sha‘bān,1443,Fri,11 Mar,4:44,5:15,6:21,12:16,1:30,3:16,4:04,4:30,6:01,6:01,7:23,8:00
71,9,Sha‘bān,1443,Sat,12 Mar,4:42,5:15,6:19,12:15,1:30,3:18,4:05,4:30,6:03,6:03,7:25,8:00
72,10,Sha‘bān,1443,Sun,13 Mar,4:40,5:15,6:17,12:15,1:30,3:19,4:06,4:30,6:05,6:05,7:26,8:00
73,11,Sha‘bān,1443,Mon,14 Mar,4:37,5:15,6:14,12:15,1:30,3:20,4:08,4:30,6:06,6:06,7:27,8:00
74,12,Sha‘bān,1443,Tue,15 Mar,4:35,5:15,6:12,12:15,1:30,3:21,4:09,4:30,6:08,6:08,7:29,8:00
75,13,Sha‘bān,1443,Wed,16 Mar,4:33,5:15,6:10,12:14,1:30,3:22,4:11,4:30,6:10,6:10,7:31,8:00
76,14,Sha‘bān,1443,Thu,17 Mar,4:30,5:15,6:07,12:14,1:30,3:23,4:12,4:30,6:12,6:12,7:32,8:00
77,15,Sha‘bān,1443,Fri,18 Mar,4:28,5:00,6:05,12:14,1:30,3:24,4:13,4:30,6:13,6:13,7:33,8:00
78,16,Sha‘bān,1443,Sat,19 Mar,4:26,5:00,6:03,12:13,1:30,3:25,4:15,4:30,6:15,6:15,7:35,8:00
79,17,Sha‘bān,1443,Sun,20 Mar,4:25,5:00,6:01,12:13,1:30,3:26,4:16,4:30,6:17,6:17,7:37,8:00
80,18,Sha‘bān,1443,Mon,21 Mar,4:22,5:00,5:58,12:13,1:30,3:27,4:17,4:30,6:18,6:18,7:37,8:00
81,19,Sha‘bān,1443,Tue,22 Mar,4:21,5:00,5:56,12:13,1:30,3:28,4:19,4:30,6:20,6:20,7:39,8:00
82,20,Sha‘bān,1443,Wed,23 Mar,4:19,5:00,5:54,12:12,1:30,3:29,4:20,4:30,6:22,6:22,7:41,8:00
83,21,Sha‘bān,1443,Thu,24 Mar,4:16,5:00,5:51,12:12,1:30,3:30,4:21,4:30,6:23,6:23,7:42,8:00
84,22,Sha‘bān,1443,Fri,25 Mar,4:14,5:00,5:49,12:12,1:30,3:31,4:23,4:30,6:25,6:25,7:43,8:00
85,23,Sha‘bān,1443,Sat,26 Mar,4:13,5:00,5:47,12:11,1:30,3:32,4:24,4:30,6:27,6:27,7:45,8:00
86,24,Sha‘bān,1443,Sun,27 Mar,5:11,5:30,6:45,1:11,1:30,4:33,5:25,5:45,7:28,7:28,8:46,9:00
87,25,Sha‘bān,1443,Mon,28 Mar,5:09,5:30,6:42,1:11,1:30,4:34,5:26,5:45,7:30,7:30,8:48,9:00
88,26,Sha‘bān,1443,Tue,29 Mar,5:07,5:30,6:40,1:10,1:30,4:35,5:28,5:45,7:32,7:32,8:49,9:00
89,27,Sha‘bān,1443,Wed,30 Mar,5:05,5:30,6:38,1:10,1:30,4:36,5:29,5:45,7:33,7:33,8:50,9:00
90,28,Sha‘bān,1443,Thu,31 Mar,5:04,5:30,6:36,1:10,1:30,4:37,5:30,5:45,7:35,7:35,8:52,9:00
91,29,Sha‘bān,1443,Fri,1 Apr,5:01,5:15,6:33,1:10,1:30,4:38,5:31,6:00,7:37,7:37,8:54,9:15
92,1,Ramadān,1443,Sat,2 Apr,4:59,5:15,6:31,1:09,1:30,4:38,5:33,6:00,7:38,7:38,8:55,9:15
93,2,Ramadān,1443,Sun,3 Apr,4:57,5:15,6:29,1:09,1:30,4:39,5:34,6:00,7:40,7:40,8:56,9:15
94,3,Ramadān,1443,Mon,4 Apr,4:55,5:15,6:27,1:09,1:30,4:40,5:35,6:00,7:42,7:42,8:58,9:15
95,4,Ramadān,1443,Tue,5 Apr,4:52,5:15,6:24,1:08,1:30,4:41,5:36,6:00,7:44,7:44,9:00,9:15
96,5,Ramadān,1443,Wed,6 Apr,4:50,5:15,6:22,1:08,1:30,4:42,5:38,6:00,7:45,7:45,9:01,9:15
97,6,Ramadān,1443,Thu,7 Apr,4:48,5:15,6:20,1:08,1:30,4:43,5:39,6:00,7:47,7:47,9:03,9:15
98,7,Ramadān,1443,Fri,8 Apr,4:46,5:00,6:18,1:08,1:30,4:44,5:40,6:00,7:49,7:49,9:05,9:30
99,8,Ramadān,1443,Sat,9 Apr,4:43,5:00,6:15,1:07,1:30,4:44,5:41,6:00,7:50,7:50,9:05,9:30
100,9,Ramadān,1443,Sun,10 Apr,4:41,5:00,6:13,1:07,1:30,4:45,5:42,6:00,7:52,7:52,9:07,9:30
101,10,Ramadān,1443,Mon,11 Apr,4:39,5:00,6:11,1:07,1:30,4:46,5:43,6:00,7:54,7:54,9:09,9:30
102,11,Ramadān,1443,Tue,12 Apr,4:37,5:00,6:09,1:06,1:30,4:47,5:45,6:00,7:55,7:55,9:10,9:30
103,12,Ramadān,1443,Wed,13 Apr,4:35,5:00,6:07,1:06,1:30,4:48,5:46,6:00,7:57,7:57,9:12,9:30
104,13,Ramadān,1443,Thu,14 Apr,4:32,5:00,6:04,1:06,1:30,4:48,5:47,6:00,7:59,7:59,9:14,9:30
105,14,Ramadān,1443,Fri,15 Apr,4:30,4:45,6:02,1:06,1:30,4:49,5:48,6:00,8:00,8:00,9:15,9:45
106,15,Ramadān,1443,Sat,16 Apr,4:28,4:45,6:00,1:05,1:30,4:50,5:49,6:00,8:02,8:02,9:17,9:45
107,16,Ramadān,1443,Sun,17 Apr,4:26,4:45,5:58,1:05,1:30,4:51,5:50,6:00,8:04,8:04,9:18,9:45
108,17,Ramadān,1443,Mon,18 Apr,4:23,4:45,5:56,1:05,1:30,4:52,5:51,6:00,8:05,8:05,9:19,9:45
109,18,Ramadān,1443,Tue,19 Apr,4:21,4:45,5:54,1:05,1:30,4:52,5:52,6:00,8:07,8:07,9:21,9:45
110,19,Ramadān,1443,Wed,20 Apr,4:19,4:45,5:52,1:05,1:30,4:53,5:53,6:00,8:09,8:09,9:23,9:45
111,20,Ramadān,1443,Thu,21 Apr,4:16,4:45,5:50,1:04,1:30,4:54,5:54,6:00,8:10,8:10,9:24,9:45
112,21,Ramadān,1443,Fri,22 Apr,4:14,4:30,5:48,1:04,1:30,4:54,5:56,6:15,8:12,8:12,9:26,9:45
113,22,Ramadān,1443,Sat,23 Apr,4:11,4:30,5:45,1:04,1:30,4:55,5:57,6:15,8:14,8:14,9:27,9:45
114,23,Ramadān,1443,Sun,24 Apr,4:08,4:30,5:43,1:04,1:30,4:56,5:58,6:15,8:15,8:15,9:28,9:45
115,24,Ramadān,1443,Mon,25 Apr,4:06,4:30,5:41,1:04,1:30,4:57,5:59,6:15,8:17,8:17,9:30,9:45
116,25,Ramadān,1443,Tue,26 Apr,4:04,4:30,5:39,1:03,1:30,4:57,6:00,6:15,8:19,8:19,9:31,9:45
117,26,Ramadān,1443,Wed,27 Apr,4:01,4:30,5:37,1:03,1:30,4:58,6:01,6:15,8:20,8:20,9:32,9:45
118,27,Ramadān,1443,Thu,28 Apr,4:00,4:30,5:36,1:03,1:30,4:59,6:02,6:15,8:22,8:22,9:34,9:45
119,28,Ramadān,1443,Fri,29 Apr,3:58,4:15,5:34,1:03,1:30,4:59,6:03,6:15,8:24,8:24,9:35,9:50
120,29,Ramadān,1443,Sat,30 Apr,3:55,4:15,5:32,1:03,1:30,5:00,6:04,6:15,8:25,8:25,9:36,9:50
121,30,Ramadān,1443,Sun,1 May,3:52,4:15,5:30,1:03,1:30,5:01,6:05,6:15,8:27,8:27,9:38,9:50
122,1,Shawwāl,1443,Mon,2 May,3:50,4:15,5:28,1:03,1:30,5:01,6:06,6:15,8:28,8:28,9:39,9:50
123,2,Shawwāl,1443,Tue,3 May,3:47,4:15,5:26,1:03,1:30,5:02,6:07,6:15,8:30,8:30,9:41,9:50
124,3,Shawwāl,1443,Wed,4 May,3:45,4:15,5:24,1:02,1:30,5:03,6:08,6:15,8:32,8:32,9:43,9:50
125,4,Shawwāl,1443,Thu,5 May,3:42,4:15,5:22,1:02,1:30,5:03,6:09,6:15,8:33,8:33,9:44,9:50
126,5,Shawwāl,1443,Fri,6 May,3:41,4:00,5:21,1:02,1:30,5:04,6:10,6:30,8:35,8:35,9:46,10:00
127,6,Shawwāl,1443,Sat,7 May,3:38,4:00,5:19,1:02,1:30,5:05,6:11,6:30,8:37,8:37,9:48,10:00
128,7,Shawwāl,1443,Sun,8 May,3:36,4:00,5:17,1:02,1:30,5:05,6:12,6:30,8:38,8:38,9:49,10:00
129,8,Shawwāl,1443,Mon,9 May,3:34,4:00,5:16,1:02,1:30,5:06,6:13,6:30,8:40,8:40,9:51,10:00
130,9,Shawwāl,1443,Tue,10 May,3:32,4:00,5:14,1:02,1:30,5:06,6:14,6:30,8:41,8:41,9:52,10:00
131,10,Shawwāl,1443,Wed,11 May,3:29,4:00,5:12,1:02,1:30,5:07,6:15,6:30,8:43,8:43,9:54,10:00
132,11,Shawwāl,1443,Thu,12 May,3:28,4:00,5:11,1:02,1:30,5:08,6:16,6:30,8:44,8:44,9:55,10:00
133,12,Shawwāl,1443,Fri,13 May,3:25,4:00,5:09,1:02,1:30,5:08,6:16,6:45,8:46,8:46,9:56,10:15
134,13,Shawwāl,1443,Sat,14 May,3:24,4:00,5:08,1:02,1:30,5:09,6:17,6:45,8:47,8:47,9:57,10:15
135,14,Shawwāl,1443,Sun,15 May,3:21,4:00,5:06,1:02,1:30,5:10,6:18,6:45,8:49,8:49,9:59,10:15
136,15,Shawwāl,1443,Mon,16 May,3:20,4:00,5:05,3.30,1:30,5:10,6:19,6:45,8:50,8:50,10:01,10:15
137,16,Shawwāl,1443,Tue,17 May,3:17,4:00,5:03,1:02,1:30,5:11,6:20,6:45,8:52,8:52,10:03,10:15
138,17,Shawwāl,1443,Wed,18 May,3:16,4:00,5:02,1:02,1:30,5:11,6:21,6:45,8:53,8:53,10:04,10:15
139,18,Shawwāl,1443,Thu,19 May,3:13,4:00,5:00,1:02,1:30,5:12,6:22,6:45,8:55,8:55,10:07,10:15
140,19,Shawwāl,1443,Fri,20 May,3:12,4:00,4:59,1:02,1:30,5:12,6:23,7:00,8:56,8:56,10:08,10:30
141,20,Shawwāl,1443,Sat,21 May,3:10,4:00,4:58,1:02,1:30,5:13,6:23,7:00,8:58,8:58,10:10,10:30
142,21,Shawwāl,1443,Sun,22 May,3:08,4:00,4:56,1:02,1:30,5:13,6:24,7:00,8:59,8:59,10:12,10:30
143,22,Shawwāl,1443,Mon,23 May,3:06,4:00,4:55,1:02,1:30,5:14,6:25,7:00,9:00,9:00,10:13,10:30
144,23,Shawwāl,1443,Tue,24 May,3:04,4:00,4:54,1:03,1:30,5:15,6:26,7:00,9:02,9:02,10:15,10:30
145,24,Shawwāl,1443,Wed,25 May,3:02,4:00,4:53,1:03,1:30,5:15,6:26,7:00,9:03,9:03,10:17,10:30
146,25,Shawwāl,1443,Thu,26 May,3:01,4:00,4:52,1:03,1:30,5:16,6:27,7:00,9:04,9:04,10:18,10:30
147,26,Shawwāl,1443,Fri,27 May,2:59,4:00,4:51,1:03,1:30,5:16,6:28,7:00,9:06,9:06,10:20,10:40
148,27,Shawwāl,1443,Sat,28 May,2:58,4:00,4:50,1:03,1:30,5:17,6:29,7:00,9:07,9:07,10:22,10:40
149,28,Shawwāl,1443,Sun,29 May,2:56,4:00,4:49,1:03,1:30,5:17,6:29,7:00,9:08,9:08,10:23,10:40
150,29,Shawwāl,1443,Mon,30 May,2:55,4:00,4:48,1:03,1:30,5:18,6:30,7:00,9:09,9:09,10:24,10:40
151,1,Dhū Al-Qa‘dah,1443,Tue,31 May,2:53,4:00,4:47,1:03,1:30,5:18,6:31,7:00,9:10,9:10,10:26,10:40
152,2,Dhū Al-Qa‘dah,1443,Wed,1 Jun,2:52,4:00,4:46,1:04,1:30,5:19,6:31,7:00,9:11,9:11,10:27,10:40
153,3,Dhū Al-Qa‘dah,1443,Thu,2 Jun,2:51,4:00,4:46,1:04,1:30,5:19,6:32,7:00,9:12,9:12,10:29,10:40
154,4,Dhū Al-Qa‘dah,1443,Fri,3 Jun,2:50,4:00,4:45,1:04,1:30,5:19,6:33,7:00,9:13,9:13,10:30,10:45
155,5,Dhū Al-Qa‘dah,1443,Sat,4 Jun,2:48,4:00,4:44,1:04,1:30,5:20,6:33,7:00,9:14,9:14,10:31,10:45
156,6,Dhū Al-Qa‘dah,1443,Sun,5 Jun,2:47,4:00,4:43,1:04,1:30,5:20,6:34,7:00,9:15,9:15,10:33,10:45
157,7,Dhū Al-Qa‘dah,1443,Mon,6 Jun,2:46,4:00,4:43,1:04,1:30,5:21,6:34,7:00,9:16,9:16,10:34,10:45
158,8,Dhū Al-Qa‘dah,1443,Tue,7 Jun,2:45,4:00,4:42,1:05,1:30,5:21,6:35,7:00,9:17,9:17,10:35,10:45
159,9,Dhū Al-Qa‘dah,1443,Wed,8 Jun,2:44,4:00,4:42,1:05,1:30,5:22,6:36,7:00,9:18,9:18,10:36,10:45
160,10,Dhū Al-Qa‘dah,1443,Thu,9 Jun,2:43,4:00,4:41,1:05,1:30,5:22,6:36,7:00,9:19,9:19,10:38,10:45
161,11,Dhū Al-Qa‘dah,1443,Fri,10 Jun,2:42,4:00,4:41,1:05,1:30,5:22,6:37,7:00,9:20,9:20,10:39,10:50
162,12,Dhū Al-Qa‘dah,1443,Sat,11 Jun,2:42,4:00,4:41,1:05,1:30,5:23,6:37,7:00,9:20,9:20,10:40,10:50
163,13,Dhū Al-Qa‘dah,1443,Sun,12 Jun,2:40,4:00,4:40,1:06,1:30,5:23,6:37,7:00,9:21,9:21,10:41,10:50
164,14,Dhū Al-Qa‘dah,1443,Mon,13 Jun,2:39,4:00,4:40,1:06,1:30,5:23,6:38,7:00,9:22,9:22,10:43,10:50
165,15,Dhū Al-Qa‘dah,1443,Tue,14 Jun,2:39,4:00,4:40,1:06,1:30,5:24,6:38,7:00,9:22,9:22,10:43,10:50
166,16,Dhū Al-Qa‘dah,1443,Wed,15 Jun,2:39,4:00,4:40,1:06,1:30,5:24,6:39,7:00,9:23,9:23,10:44,10:50
167,17,Dhū Al-Qa‘dah,1443,Thu,16 Jun,2:39,4:00,4:40,1:06,1:30,5:24,6:39,7:00,9:23,9:23,10:43,10:50
168,18,Dhū Al-Qa‘dah,1443,Fri,17 Jun,2:39,4:00,4:40,1:07,1:30,5:24,6:39,7:00,9:23,9:23,10:43,10:50
169,19,Dhū Al-Qa‘dah,1443,Sat,18 Jun,2:39,4:00,4:40,1:07,1:30,5:25,6:40,7:00,9:24,9:24,10:43,10:50
170,20,Dhū Al-Qa‘dah,1443,Sun,19 Jun,2:39,4:00,4:40,1:07,1:30,5:25,6:40,7:00,9:24,9:24,10:43,10:50
171,21,Dhū Al-Qa‘dah,1443,Mon,20 Jun,2:40,4:00,4:40,1:07,1:30,5:25,6:40,7:00,9:24,9:24,10:43,10:50
172,22,Dhū Al-Qa‘dah,1443,Tue,21 Jun,2:40,4:00,4:40,1:07,1:30,5:25,6:40,7:00,9:25,9:25,10:43,10:50
173,23,Dhū Al-Qa‘dah,1443,Wed,22 Jun,2:40,4:00,4:40,1:08,1:30,5:26,6:41,7:00,9:25,9:25,10:42,10:50
174,24,Dhū Al-Qa‘dah,1443,Thu,23 Jun,2:42,4:00,4:41,1:08,1:30,5:26,6:41,7:00,9:25,9:25,10:42,10:50
175,25,Dhū Al-Qa‘dah,1443,Fri,24 Jun,2:42,4:00,4:41,1:08,1:30,5:26,6:41,7:00,9:25,9:25,10:41,10:45
176,26,Dhū Al-Qa‘dah,1443,Sat,25 Jun,2:42,4:00,4:41,1:08,1:30,5:26,6:41,7:00,9:25,9:25,10:41,10:45
177,27,Dhū Al-Qa‘dah,1443,Sun,26 Jun,2:44,4:00,4:42,1:09,1:30,5:26,6:41,7:00,9:25,9:25,10:41,10:45
178,28,Dhū Al-Qa‘dah,1443,Mon,27 Jun,2:44,4:00,4:42,1:09,1:30,5:26,6:41,7:00,9:25,9:25,10:40,10:45
179,29,Dhū Al-Qa‘dah,1443,Tue,28 Jun,2:46,4:00,4:43,1:09,1:30,5:26,6:41,7:00,9:25,9:25,10:40,10:45
180,30,Dhū Al-Qa‘dah,1443,Wed,29 Jun,2:46,4:00,4:43,1:09,1:30,5:27,6:41,7:00,9:25,9:25,10:39,10:45
181,1,Dhū Al-Hijjah,1443,Thu,30 Jun,2:47,4:00,4:44,1:09,1:30,5:27,6:41,7:00,9:24,9:24,10:37,10:45
182,2,Dhū Al-Hijjah,1443,Fri,1 Jul,2:49,4:00,4:45,1:10,1:30,5:27,6:41,7:00,9:24,9:24,10:36,10:40
183,3,Dhū Al-Hijjah,1443,Sat,2 Jul,2:50,4:00,4:45,1:10,1:30,5:27,6:41,7:00,9:24,9:24,10:36,10:40
184,4,Dhū Al-Hijjah,1443,Sun,3 Jul,2:51,4:00,4:46,1:10,1:30,5:27,6:41,7:00,9:23,9:23,10:35,10:40
185,5,Dhū Al-Hijjah,1443,Mon,4 Jul,2:53,4:00,4:47,1:10,1:30,5:27,6:41,7:00,9:23,9:23,10:34,10:40
186,6,Dhū Al-Hijjah,1443,Tue,5 Jul,2:54,4:00,4:48,1:10,1:30,5:27,6:40,7:00,9:22,9:22,10:33,10:40
187,7,Dhū Al-Hijjah,1443,Wed,6 Jul,2:55,4:00,4:49,1:10,1:30,5:27,6:40,7:00,9:22,9:22,10:33,10:40
188,8,Dhū Al-Hijjah,1443,Thu,7 Jul,2:57,4:00,4:50,1:11,1:30,5:26,6:40,7:00,9:21,9:21,10:31,10:40
189,9,Dhū Al-Hijjah,1443,Fri,8 Jul,2:58,4:15,4:51,1:11,1:30,5:26,6:40,7:00,9:21,9:21,10:31,10:40
190,10,Dhū Al-Hijjah,1443,Sat,9 Jul,2:59,4:15,4:51,1:11,1:30,5:26,6:39,7:00,9:20,9:20,10:30,10:40
191,11,Dhū Al-Hijjah,1443,Sun,10 Jul,3:00,4:15,4:52,1:11,1:30,5:26,6:39,7:00,9:19,9:19,10:28,10:40
192,12,Dhū Al-Hijjah,1443,Mon,11 Jul,3:02,4:15,4:54,1:11,1:30,5:26,6:39,7:00,9:18,9:18,10:27,10:40
193,13,Dhū Al-Hijjah,1443,Tue,12 Jul,3:04,4:15,4:55,1:11,1:30,5:26,6:38,7:00,9:17,9:17,10:26,10:40
194,14,Dhū Al-Hijjah,1443,Wed,13 Jul,3:05,4:15,4:56,1:11,1:30,5:25,6:38,7:00,9:17,9:17,10:25,10:40
195,15,Dhū Al-Hijjah,1443,Thu,14 Jul,3:07,4:15,4:57,1:12,1:30,5:25,6:37,7:00,9:16,9:16,10:24,10:40
196,16,Dhū Al-Hijjah,1443,Fri,15 Jul,3:08,4:15,4:58,1:12,1:30,5:25,6:37,7:00,9:15,9:15,10:23,10:30
197,17,Dhū Al-Hijjah,1443,Sat,16 Jul,3:09,4:15,4:59,1:12,1:30,5:25,6:36,7:00,9:14,9:14,10:21,10:30
198,18,Dhū Al-Hijjah,1443,Sun,17 Jul,3:11,4:15,5:00,1:12,1:30,5:24,6:36,7:00,9:12,9:12,10:19,10:30
199,19,Dhū Al-Hijjah,1443,Mon,18 Jul,3:13,4:15,5:02,1:12,1:30,5:24,6:35,7:00,9:11,9:11,10:18,10:30
200,20,Dhū Al-Hijjah,1443,Tue,19 Jul,3:15,4:15,5:03,1:12,1:30,5:24,6:35,7:00,9:10,9:10,10:16,10:30
201,21,Dhū Al-Hijjah,1443,Wed,20 Jul,3:16,4:15,5:04,1:12,1:30,5:23,6:34,7:00,9:09,9:09,10:15,10:30
202,22,Dhū Al-Hijjah,1443,Thu,21 Jul,3:18,4:15,5:06,1:12,1:30,5:23,6:33,7:00,9:08,9:08,10:14,10:30
203,23,Dhū Al-Hijjah,1443,Fri,22 Jul,3:20,4:30,5:07,1:12,1:30,5:22,6:33,6:45,9:07,9:07,10:12,10:20
204,24,Dhū Al-Hijjah,1443,Sat,23 Jul,3:21,4:30,5:08,1:12,1:30,5:22,6:32,6:45,9:05,9:05,10:10,10:20
205,25,Dhū Al-Hijjah,1443,Sun,24 Jul,3:24,4:30,5:10,1:12,1:30,5:21,6:31,6:45,9:04,9:04,10:09,10:20
206,26,Dhū Al-Hijjah,1443,Mon,25 Jul,3:25,4:30,5:11,1:12,1:30,5:21,6:30,6:45,9:02,9:02,10:06,10:20
207,27,Dhū Al-Hijjah,1443,Tue,26 Jul,3:27,4:30,5:12,1:12,1:30,5:20,6:30,6:45,9:01,9:01,10:05,10:20
208,28,Dhū Al-Hijjah,1443,Wed,27 Jul,3:29,4:30,5:14,1:12,1:30,5:20,6:29,6:45,9:00,9:00,10:04,10:20
209,29,Dhū Al-Hijjah,1443,Thu,28 Jul,3:31,4:30,5:15,1:12,1:30,5:19,6:28,6:45,8:58,8:58,10:01,10:20
210,30,Dhū Al-Hijjah,1443,Fri,29 Jul,3:33,4:30,5:17,1:12,1:30,5:19,6:27,6:45,8:57,8:57,10:00,10:10
211,1,Muharram,1444,Sat,30 Jul,3:35,4:30,5:18,1:12,1:30,5:18,6:26,6:45,8:55,8:55,9:58,10:10
212,2,Muharram,1444,Sun,31 Jul,3:37,4:30,5:20,1:12,1:30,5:17,6:25,6:45,8:53,8:53,9:56,10:10
213,3,Muharram,1444,Mon,1 Aug,3:39,4:30,5:21,1:12,1:30,5:17,6:24,6:45,8:52,8:52,9:56,10:10
214,4,Muharram,1444,Tue,2 Aug,3:41,4:30,5:23,1:12,1:30,5:16,6:23,6:45,8:50,8:50,9:54,10:10
215,5,Muharram,1444,Wed,3 Aug,3:43,4:30,5:24,1:12,1:30,5:15,6:22,6:45,8:48,8:48,9:52,10:10
216,6,Muharram,1444,Thu,4 Aug,3:45,4:30,5:26,1:12,1:30,5:14,6:21,6:45,8:47,8:47,9:51,10:10
217,7,Muharram,1444,Fri,5 Aug,3:47,4:45,5:27,1:12,1:30,5:14,6:20,6:30,8:45,8:45,9:49,10:00
218,8,Muharram,1444,Sat,6 Aug,3:49,4:45,5:29,1:12,1:30,5:13,6:19,6:30,8:43,8:43,9:48,10:00
219,9,Muharram,1444,Sun,7 Aug,3:50,4:45,5:30,1:11,1:30,5:12,6:17,6:30,8:41,8:41,9:46,10:00
220,10,Muharram,1444,Mon,8 Aug,3:53,4:45,5:32,1:11,1:30,5:11,6:16,6:30,8:40,8:40,9:45,10:00
221,11,Muharram,1444,Tue,9 Aug,3:55,4:45,5:34,1:11,1:30,5:10,6:15,6:30,8:38,8:38,9:43,10:00
222,12,Muharram,1444,Wed,10 Aug,3:56,4:45,5:35,1:11,1:30,5:09,6:14,6:30,8:36,8:36,9:41,10:00
223,13,Muharram,1444,Thu,11 Aug,3:59,4:45,5:37,1:11,1:30,5:08,6:13,6:30,8:34,8:34,9:40,10:00
224,14,Muharram,1444,Fri,12 Aug,4:00,5:00,5:38,1:11,1:30,5:07,6:11,6:30,8:32,8:32,9:38,9:45
225,15,Muharram,1444,Sat,13 Aug,4:02,5:00,5:40,1:11,1:30,5:06,6:10,6:30,8:30,8:30,9:36,9:45
226,16,Muharram,1444,Sun,14 Aug,4:04,5:00,5:41,1:10,1:30,5:05,6:09,6:30,8:28,8:28,9:34,9:45
227,17,Muharram,1444,Mon,15 Aug,4:06,5:00,5:43,1:10,1:30,5:04,6:07,6:30,8:26,8:26,9:32,9:45
228,18,Muharram,1444,Tue,16 Aug,4:08,5:00,5:45,1:10,1:30,5:03,6:06,6:30,8:24,8:24,9:31,9:45
229,19,Muharram,1444,Wed,17 Aug,4:10,5:00,5:46,1:10,1:30,5:02,6:04,6:30,8:22,8:22,9:29,9:45
230,20,Muharram,1444,Thu,18 Aug,4:12,5:00,5:48,1:10,1:30,5:01,6:03,6:30,8:20,8:20,9:27,9:45
231,21,Muharram,1444,Fri,19 Aug,4:13,5:15,5:49,1:09,1:30,5:00,6:02,6:15,8:18,8:18,9:25,9:30
232,22,Muharram,1444,Sat,20 Aug,4:16,5:15,5:51,1:09,1:30,4:59,6:00,6:15,8:16,8:16,9:23,9:30
233,23,Muharram,1444,Sun,21 Aug,4:18,5:15,5:53,1:09,1:30,4:58,5:59,6:15,8:14,8:14,9:22,9:30
234,24,Muharram,1444,Mon,22 Aug,4:19,5:15,5:54,1:09,1:30,4:57,5:57,6:15,8:12,8:12,9:20,9:30
235,25,Muharram,1444,Tue,23 Aug,4:22,5:15,5:56,1:08,1:30,4:55,5:55,6:15,8:10,8:10,9:18,9:30
236,26,Muharram,1444,Wed,24 Aug,4:23,5:15,5:57,1:08,1:30,4:54,5:54,6:15,8:08,8:08,9:16,9:30
237,27,Muharram,1444,Thu,25 Aug,4:25,5:15,5:59,1:08,1:30,4:53,5:52,6:15,8:06,8:06,9:15,9:30
238,28,Muharram,1444,Fri,26 Aug,4:28,5:15,6:01,1:07,1:30,4:52,5:51,6:00,8:03,8:03,9:12,9:30
239,29,Muharram,1444,Sat,27 Aug,4:29,5:15,6:02,1:07,1:30,4:50,5:49,6:00,8:01,8:01,9:10,9:30
240,1,Safar,1444,Sun,28 Aug,4:31,5:15,6:04,1:07,1:30,4:49,5:47,6:00,7:59,7:59,9:08,9:30
241,2,Safar,1444,Mon,29 Aug,4:33,5:15,6:05,1:07,1:30,4:48,5:46,6:00,7:57,7:57,9:07,9:30
242,3,Safar,1444,Tue,30 Aug,4:35,5:15,6:07,1:06,1:30,4:46,5:44,6:00,7:55,7:55,9:05,9:30
243,4,Safar,1444,Wed,31 Aug,4:36,5:15,6:08,1:06,1:30,4:45,5:42,6:00,7:52,7:52,9:02,9:30
244,5,Safar,1444,Thu,1 Sep,4:38,5:15,6:10,1:06,1:30,4:44,5:41,6:00,7:50,7:50,9:01,9:30
245,6,Safar,1444,Fri,2 Sep,4:40,5:30,6:12,1:05,1:30,4:42,5:39,5:45,7:48,7:48,8:59,9:15
246,7,Safar,1444,Sat,3 Sep,4:41,5:30,6:13,1:05,1:30,4:41,5:37,5:45,7:46,7:46,8:57,9:15
247,8,Safar,1444,Sun,4 Sep,4:43,5:30,6:15,1:05,1:30,4:39,5:35,5:45,7:43,7:43,8:55,9:15
248,9,Safar,1444,Mon,5 Sep,4:44,5:30,6:16,1:04,1:30,4:38,5:34,5:45,7:41,7:41,8:53,9:15
249,10,Safar,1444,Tue,6 Sep,4:46,5:30,6:18,1:04,1:30,4:37,5:32,5:45,7:39,7:39,8:51,9:15
250,11,Safar,1444,Wed,7 Sep,4:48,5:30,6:20,1:04,1:30,4:35,5:30,5:45,7:37,7:37,8:50,9:15
251,12,Safar,1444,Thu,8 Sep,4:49,5:30,6:21,1:03,1:30,4:34,5:28,5:45,7:34,7:34,8:47,9:15
252,13,Safar,1444,Fri,9 Sep,4:51,5:45,6:23,1:03,1:30,4:32,5:26,5:45,7:32,7:32,8:45,9:00
253,14,Safar,1444,Sat,10 Sep,4:52,5:45,6:24,1:03,1:30,4:31,5:25,5:45,7:30,7:30,8:43,9:00
254,15,Safar,1444,Sun,11 Sep,4:54,5:45,6:26,1:02,1:30,4:29,5:23,5:45,7:28,7:28,8:42,9:00
255,16,Safar,1444,Mon,12 Sep,4:56,5:45,6:28,1:02,1:30,4:28,5:21,5:45,7:25,7:25,8:39,9:00
256,17,Safar,1444,Tue,13 Sep,4:57,5:45,6:29,1:02,1:30,4:26,5:19,5:45,7:23,7:23,8:37,9:00
257,18,Safar,1444,Wed,14 Sep,4:59,5:45,6:31,1:01,1:30,4:24,5:17,5:45,7:21,7:21,8:35,9:00
258,19,Safar,1444,Thu,15 Sep,5:00,5:45,6:32,1:01,1:30,4:23,5:15,5:45,7:18,7:18,8:33,9:00
259,20,Safar,1444,Fri,16 Sep,5:03,6:00,6:34,1:01,1:30,4:21,5:13,5:30,7:16,7:16,8:31,8:45
260,21,Safar,1444,Sat,17 Sep,5:05,6:00,6:36,1:00,1:30,4:20,5:11,5:30,7:14,7:14,8:29,8:45
261,22,Safar,1444,Sun,18 Sep,5:06,6:00,6:37,1:00,1:30,4:18,5:09,5:30,7:11,7:11,8:26,8:45
262,23,Safar,1444,Mon,19 Sep,5:09,6:00,6:39,12:59,1:30,4:16,5:07,5:30,7:09,7:09,8:24,8:45
263,24,Safar,1444,Tue,20 Sep,5:10,6:00,6:40,12:59,1:30,4:15,5:06,5:30,7:07,7:07,8:22,8:45
264,25,Safar,1444,Wed,21 Sep,5:12,6:00,6:42,12:59,1:30,4:13,5:04,5:30,7:05,7:05,8:21,8:45
265,26,Safar,1444,Thu,22 Sep,5:15,6:00,6:44,12:58,1:30,4:12,5:02,5:30,7:02,7:02,8:18,8:45
266,27,Safar,1444,Fri,23 Sep,5:16,6:00,6:45,12:58,1:30,4:10,5:00,5:15,7:00,7:00,8:16,8:30
267,28,Safar,1444,Sat,24 Sep,5:18,6:00,6:47,12:58,1:30,4:08,4:58,5:15,6:58,6:58,8:14,8:30
268,29,Safar,1444,Sun,25 Sep,5:20,6:00,6:48,12:57,1:30,4:07,4:56,5:15,6:55,6:55,8:12,8:30
269,30,Safar,1444,Mon,26 Sep,5:22,6:00,6:50,12:57,1:30,4:05,4:54,5:15,6:53,6:53,8:10,8:30
270,1,Rabi‘ Al-Awwal,1444,Tue,27 Sep,5:24,6:00,6:52,12:57,1:30,4:03,4:52,5:15,6:51,6:51,8:08,8:30
271,2,Rabi‘ Al-Awwal,1444,Wed,28 Sep,5:26,6:00,6:53,12:56,1:30,4:02,4:50,5:15,6:48,6:48,8:05,8:30
272,3,Rabi‘ Al-Awwal,1444,Thu,29 Sep,5:28,6:00,6:55,12:56,1:30,4:00,4:48,5:15,6:46,6:46,8:03,8:30
273,4,Rabi‘ Al-Awwal,1444,Fri,30 Sep,5:29,6:15,6:56,12:56,1:30,3:58,4:46,5:00,6:44,6:44,8:01,8:15
274,5,Rabi‘ Al-Awwal,1444,Sat,1 Oct,5:30,6:15,6:58,12:55,1:30,3:56,4:44,5:00,6:42,6:42,8:00,8:15
275,6,Rabi‘ Al-Awwal,1444,Sun,2 Oct,5:32,6:15,7:00,12:55,1:30,3:55,4:42,5:00,6:39,6:39,7:57,8:15
276,7,Rabi‘ Al-Awwal,1444,Mon,3 Oct,5:33,6:15,7:01,12:55,1:30,3:53,4:40,5:00,6:37,6:37,7:56,8:15
277,8,Rabi‘ Al-Awwal,1444,Tue,4 Oct,5:35,6:15,7:03,12:54,1:30,3:51,4:38,5:00,6:35,6:35,7:54,8:15
278,9,Rabi‘ Al-Awwal,1444,Wed,5 Oct,5:36,6:15,7:05,12:54,1:30,3:50,4:36,5:00,6:33,6:33,7:52,8:15
279,10,Rabi‘ Al-Awwal,1444,Thu,6 Oct,5:37,6:15,7:06,12:54,1:30,3:48,4:34,5:00,6:30,6:30,7:49,8:15
280,11,Rabi‘ Al-Awwal,1444,Fri,7 Oct,5:39,6:30,7:08,12:53,1:30,3:46,4:32,4:45,6:28,6:28,7:49,8:00
281,12,Rabi‘ Al-Awwal,1444,Sat,8 Oct,5:40,6:30,7:10,12:53,1:30,3:45,4:30,4:45,6:26,6:26,7:47,8:00
282,13,Rabi‘ Al-Awwal,1444,Sun,9 Oct,5:41,6:30,7:11,12:53,1:30,3:43,4:28,4:45,6:24,6:24,7:45,8:00
283,14,Rabi‘ Al-Awwal,1444,Mon,10 Oct,5:43,6:30,7:13,12:53,1:30,3:41,4:26,4:45,6:21,6:21,7:42,8:00
284,15,Rabi‘ Al-Awwal,1444,Tue,11 Oct,5:44,6:30,7:15,12:52,1:30,3:40,4:24,4:45,6:19,6:19,7:40,8:00
285,16,Rabi‘ Al-Awwal,1444,Wed,12 Oct,5:45,6:30,7:16,12:52,1:30,3:38,4:22,4:45,6:17,6:17,7:38,8:00
286,17,Rabi‘ Al-Awwal,1444,Thu,13 Oct,5:47,6:30,7:18,12:52,1:30,3:36,4:20,4:45,6:15,6:15,7:38,8:00
287,18,Rabi‘ Al-Awwal,1444,Fri,14 Oct,5:48,6:45,7:20,12:52,1:30,3:35,4:18,4:30,6:13,6:13,7:36,8:00
288,19,Rabi‘ Al-Awwal,1444,Sat,15 Oct,5:49,6:45,7:21,12:51,1:30,3:33,4:16,4:30,6:11,6:11,7:34,8:00
289,20,Rabi‘ Al-Awwal,1444,Sun,16 Oct,5:51,6:45,7:23,12:51,1:30,3:31,4:14,4:30,6:08,6:08,7:31,8:00
290,21,Rabi‘ Al-Awwal,1444,Mon,17 Oct,5:52,6:45,7:25,12:51,1:30,3:30,4:12,4:30,6:06,6:06,7:29,8:00
291,22,Rabi‘ Al-Awwal,1444,Tue,18 Oct,5:54,6:45,7:27,12:51,1:30,3:28,4:10,4:30,6:04,6:04,7:27,8:00
292,23,Rabi‘ Al-Awwal,1444,Wed,19 Oct,5:55,6:45,7:28,12:51,1:30,3:26,4:08,4:30,6:02,6:02,7:25,8:00
293,24,Rabi‘ Al-Awwal,1444,Thu,20 Oct,5:57,6:45,7:30,12:50,1:30,3:25,4:07,4:30,6:00,6:00,7:23,8:00
294,25,Rabi‘ Al-Awwal,1444,Fri,21 Oct,5:58,6:45,7:32,12:50,1:30,3:23,4:05,4:15,5:58,5:58,7:23,8:00
295,26,Rabi‘ Al-Awwal,1444,Sat,22 Oct,5:59,6:45,7:33,12:50,1:30,3:21,4:03,4:15,5:56,5:56,7:21,8:00
296,27,Rabi‘ Al-Awwal,1444,Sun,23 Oct,6:00,6:45,7:35,12:50,1:30,3:20,4:01,4:15,5:54,5:54,7:19,8:00
297,28,Rabi‘ Al-Awwal,1444,Mon,24 Oct,6:02,6:45,7:37,12:50,1:30,3:18,3:59,4:15,5:52,5:52,7:17,8:00
298,29,Rabi‘ Al-Awwal,1444,Tue,25 Oct,6:04,6:45,7:39,12:50,1:30,3:17,3:57,4:15,5:50,5:50,7:17,8:00
299,1,Rabi‘ Al-Ākhir,1444,Wed,26 Oct,6:04,6:45,7:40,12:50,1:30,3:15,3:55,4:15,5:48,5:48,7:15,8:00
300,2,Rabi‘ Al-Ākhir,1444,Thu,27 Oct,6:06,6:45,7:42,12:50,1:30,3:14,3:54,4:15,5:46,5:46,7:13,8:00
301,3,Rabi‘ Al-Ākhir,1444,Fri,28 Oct,6:08,6:45,7:44,12:49,1:30,3:12,3:52,4:15,5:44,5:44,7:11,8:00
302,4,Rabi‘ Al-Ākhir,1444,Sat,29 Oct,6:09,6:45,7:46,12:49,1:30,3:11,3:50,4:15,5:42,5:42,7:09,8:00
303,5,Rabi‘ Al-Ākhir,1444,Sun,30 Oct,5:10,6:15,6:47,11:49,1:15,2:09,2:48,2:15,4:40,4:40,6:07,8:00
304,6,Rabi‘ Al-Ākhir,1444,Mon,31 Oct,5:12,6:15,6:49,11:49,1:15,2:08,2:47,2:15,4:39,4:39,6:06,8:00
305,7,Rabi‘ Al-Ākhir,1444,Tue,1 Nov,5:14,6:15,6:51,11:49,1:15,2:06,2:45,2:15,4:37,4:37,6:05,8:00
306,8,Rabi‘ Al-Ākhir,1444,Wed,2 Nov,5:16,6:15,6:53,11:49,1:15,2:05,2:43,2:15,4:35,4:35,6:03,8:00
307,9,Rabi‘ Al-Ākhir,1444,Thu,3 Nov,5:18,6:15,6:55,11:49,1:15,2:04,2:42,2:15,4:33,4:33,6:02,8:00
308,10,Rabi‘ Al-Ākhir,1444,Fri,4 Nov,5:18,6:15,6:56,11:49,1:15,2:02,2:40,2:10,4:31,4:31,6:00,8:00
309,11,Rabi‘ Al-Ākhir,1444,Sat,5 Nov,5:20,6:15,6:58,11:49,1:15,2:01,2:38,2:10,4:30,4:30,6:00,9:15
310,12,Rabi‘ Al-Ākhir,1444,Sun,6 Nov,5:22,6:15,7:00,11:49,1:15,2:00,2:37,2:10,4:28,4:28,5:58,8:00
311,13,Rabi‘ Al-Ākhir,1444,Mon,7 Nov,5:23,6:15,7:02,11:49,1:15,1:58,2:35,2:10,4:26,4:26,5:57,8:00
312,14,Rabi‘ Al-Ākhir,1444,Tue,8 Nov,5:24,6:15,7:03,11:49,1:15,1:57,2:34,2:10,4:25,4:25,5:56,8:00
313,15,Rabi‘ Al-Ākhir,1444,Wed,9 Nov,5:26,6:15,7:05,11:49,1:15,1:56,2:32,2:10,4:23,4:23,5:55,8:00
314,16,Rabi‘ Al-Ākhir,1444,Thu,10 Nov,5:27,6:15,7:07,11:50,1:15,1:55,2:31,2:10,4:22,4:22,5:54,8:00
315,17,Rabi‘ Al-Ākhir,1444,Fri,11 Nov,5:29,6:30,7:09,11:50,1:15,1:53,2:29,2:00,4:20,4:20,5:52,8:00
316,18,Rabi‘ Al-Ākhir,1444,Sat,12 Nov,5:30,6:30,7:10,11:50,1:15,1:52,2:28,2:00,4:19,4:19,5:51,8:00
317,19,Rabi‘ Al-Ākhir,1444,Sun,13 Nov,5:31,6:30,7:12,11:50,1:15,1:51,2:27,2:00,4:17,4:17,5:50,8:00
318,20,Rabi‘ Al-Ākhir,1444,Mon,14 Nov,5:33,6:30,7:14,11:50,1:15,1:50,2:25,2:00,4:16,4:16,5:49,8:00
319,21,Rabi‘ Al-Ākhir,1444,Tue,15 Nov,5:34,6:30,7:15,11:50,1:15,1:49,2:24,2:00,4:14,4:14,5:47,8:00
320,22,Rabi‘ Al-Ākhir,1444,Wed,16 Nov,5:35,6:30,7:17,11:50,1:15,1:48,2:23,2:00,4:13,4:13,5:46,8:00
321,23,Rabi‘ Al-Ākhir,1444,Thu,17 Nov,5:37,6:30,7:19,11:51,1:15,1:47,2:22,2:00,4:12,4:12,5:46,8:00
322,24,Rabi‘ Al-Ākhir,1444,Fri,18 Nov,5:39,6:45,7:21,11:51,1:15,1:45,2:20,1:50,4:10,4:10,5:44,8:00
323,25,Rabi‘ Al-Ākhir,1444,Sat,19 Nov,5:40,6:45,7:22,11:51,1:15,1:45,2:19,1:50,4:09,4:09,5:43,8:00
324,26,Rabi‘ Al-Ākhir,1444,Sun,20 Nov,5:42,6:45,7:24,11:51,1:15,1:44,2:18,1:50,4:08,4:08,5:42,8:00
325,27,Rabi‘ Al-Ākhir,1444,Mon,21 Nov,5:44,6:45,7:26,11:51,1:15,1:44,2:17,1:50,4:07,4:07,5:42,8:00
326,28,Rabi‘ Al-Ākhir,1444,Tue,22 Nov,5:45,6:45,7:27,11:52,1:15,1:43,2:16,1:50,4:06,4:06,5:41,8:00
327,29,Rabi‘ Al-Ākhir,1444,Wed,23 Nov,5:47,6:45,7:29,11:52,1:15,1:42,2:15,1:50,4:05,4:05,5:40,8:00
328,30,Rabi‘ Al-Ākhir,1444,Thu,24 Nov,5:48,6:45,7:30,11:52,1:15,1:41,2:14,1:50,4:04,4:04,5:39,8:00
329,1,Jumāda Al-Ūlā,1444,Fri,25 Nov,5:50,6:45,7:32,11:53,1:15,1:40,2:13,1:45,4:03,4:03,5:39,8:00
330,2,Jumāda Al-Ūlā,1444,Sat,26 Nov,5:51,6:45,7:33,11:53,1:15,1:40,2:12,1:45,4:02,4:02,5:38,8:00
331,3,Jumāda Al-Ūlā,1444,Sun,27 Nov,5:53,6:45,7:35,11:53,1:15,1:39,2:12,1:45,4:01,4:01,5:37,8:00
332,4,Jumāda Al-Ūlā,1444,Mon,28 Nov,5:54,6:45,7:36,11:54,1:15,1:39,2:11,1:45,4:00,4:00,5:36,8:00
333,5,Jumāda Al-Ūlā,1444,Tue,29 Nov,5:56,6:45,7:38,11:54,1:15,1:38,2:10,1:45,4:00,4:00,5:36,8:00
334,6,Jumāda Al-Ūlā,1444,Wed,30 Nov,5:57,6:45,7:39,11:54,1:15,1:38,2:10,1:45,3:59,3:59,5:36,8:00
335,7,Jumāda Al-Ūlā,1444,Thu,1 Dec,5:59,6:45,7:41,11:55,1:15,1:37,2:09,1:45,3:58,3:58,5:35,8:00
336,8,Jumāda Al-Ūlā,1444,Fri,2 Dec,6:00,6:45,7:42,11:55,1:15,1:37,2:08,1:45,3:58,3:58,5:35,8:00
337,9,Jumāda Al-Ūlā,1444,Sat,3 Dec,6:02,6:45,7:44,11:55,1:15,1:37,2:08,1:45,3:57,3:57,5:34,8:00
338,10,Jumāda Al-Ūlā,1444,Sun,4 Dec,6:03,6:45,7:45,11:56,1:15,1:36,2:08,1:45,3:57,3:57,5:34,8:00
339,11,Jumāda Al-Ūlā,1444,Mon,5 Dec,6:04,6:45,7:46,11:56,1:15,1:36,2:07,1:45,3:56,3:56,5:33,8:00
340,12,Jumāda Al-Ūlā,1444,Tue,6 Dec,6:05,6:45,7:47,11:57,1:15,1:36,2:07,1:45,3:56,3:56,5:33,8:00
341,13,Jumāda Al-Ūlā,1444,Wed,7 Dec,6:07,6:45,7:49,11:57,1:15,1:36,2:07,1:45,3:55,3:55,5:32,8:00
342,14,Jumāda Al-Ūlā,1444,Thu,8 Dec,6:08,6:45,7:50,11:58,1:15,1:36,2:06,1:45,3:55,3:55,5:32,8:00
343,15,Jumāda Al-Ūlā,1444,Fri,9 Dec,6:09,6:45,7:51,11:58,1:15,1:36,2:06,1:45,3:55,3:55,5:32,8:00
344,16,Jumāda Al-Ūlā,1444,Sat,10 Dec,6:10,6:45,7:52,11:58,1:15,1:36,2:06,1:45,3:55,3:55,5:32,8:00
345,17,Jumāda Al-Ūlā,1444,Sun,11 Dec,6:11,6:45,7:53,11:59,1:15,1:36,2:06,1:45,3:55,3:55,5:32,8:00
346,18,Jumāda Al-Ūlā,1444,Mon,12 Dec,6:12,6:45,7:54,11:59,1:15,1:36,2:06,1:45,3:54,3:54,5:31,8:00
347,19,Jumāda Al-Ūlā,1444,Tue,13 Dec,6:13,6:45,7:55,12:00,1:15,1:36,2:06,1:45,3:54,3:54,5:31,8:00
348,20,Jumāda Al-Ūlā,1444,Wed,14 Dec,6:14,6:45,7:56,12:00,1:15,1:36,2:06,1:45,3:55,3:55,5:32,8:00
349,21,Jumāda Al-Ūlā,1444,Thu,15 Dec,6:15,6:45,7:57,12:01,1:15,1:36,2:06,1:45,3:55,3:55,5:32,8:00
350,22,Jumāda Al-Ūlā,1444,Fri,16 Dec,6:17,6:45,7:58,12:01,1:15,1:36,2:06,1:45,3:55,3:55,5:32,8:00
351,23,Jumāda Al-Ūlā,1444,Sat,17 Dec,6:17,6:45,7:58,12:02,1:15,1:37,2:07,1:45,3:55,3:55,5:32,8:00
352,24,Jumāda Al-Ūlā,1444,Sun,18 Dec,6:18,6:45,7:59,12:02,1:15,1:37,2:07,1:45,3:55,3:55,5:32,8:00
353,25,Jumāda Al-Ūlā,1444,Mon,19 Dec,6:19,6:45,8:00,12:03,1:15,1:37,2:07,1:45,3:56,3:56,5:33,8:00
354,26,Jumāda Al-Ūlā,1444,Tue,20 Dec,6:20,6:45,8:00,12:03,1:15,1:38,2:08,1:45,3:56,3:56,5:33,8:00
355,27,Jumāda Al-Ūlā,1444,Wed,21 Dec,6:21,6:45,8:01,12:04,1:15,1:38,2:08,1:45,3:57,3:57,5:34,8:00
356,28,Jumāda Al-Ūlā,1444,Thu,22 Dec,6:21,6:45,8:01,12:04,1:15,1:39,2:09,1:45,3:57,3:57,5:34,8:00
357,29,Jumāda Al-Ūlā,1444,Fri,23 Dec,6:22,6:45,8:02,12:05,1:15,1:39,2:09,1:50,3:58,3:58,5:35,8:00
358,30,Jumāda Al-Ūlā,1444,Sat,24 Dec,6:22,6:45,8:02,12:05,1:15,1:40,2:10,1:50,3:58,3:58,5:35,8:00
359,1,Jumāda Al-Ākhirah,1444,Sun,25 Dec,6:22,6:45,8:02,12:06,1:15,1:41,2:10,1:50,3:59,3:59,5:36,8:00
360,2,Jumāda Al-Ākhirah,1444,Mon,26 Dec,6:25,6:45,8:03,12:06,1:15,1:41,2:11,1:50,4:00,4:00,5:37,8:00
361,3,Jumāda Al-Ākhirah,1444,Tue,27 Dec,6:25,6:45,8:03,12:07,1:15,1:42,2:12,1:50,4:00,4:00,5:37,8:00
362,4,Jumāda Al-Ākhirah,1444,Wed,28 Dec,6:25,6:45,8:03,12:07,1:15,1:43,2:13,1:50,4:01,4:01,5:38,8:00
363,5,Jumāda Al-Ākhirah,1444,Thu,29 Dec,6:26,6:45,8:03,12:08,1:15,1:44,2:14,1:50,4:02,4:02,5:39,8:00
364,6,Jumāda Al-Ākhirah,1444,Fri,30 Dec,6:26,6:45,8:03,12:08,1:15,1:44,2:14,1:50,4:03,4:03,5:40,8:00
365,7,Jumāda Al-Ākhirah,1444,Sat,31 Dec,6:26,6:45,8:03,12:09,1:15,1:45,2:15,1:50,4:04,4:04,5:41,8:00